tarih,nav,xu100
2017-01-02,1.00027,777.541
2017-01-03,0.993801,766.178
2017-01-04,0.985646,761.432
2017-01-05,0.994306,763.859
2017-01-06,0.996339,771.062
2017-01-09,0.999311,773.94
2017-01-10,1.01439,773.933
2017-01-11,1.01879,776.662
2017-01-12,1.03457,808.906
2017-01-13,1.04063,815.239
2017-01-16,1.05041,817.113
2017-01-17,1.05867,823.624
2017-01-18,1.06201,827.789
2017-01-19,1.05572,822.999
2017-01-20,1.05867,830.668
2017-01-23,1.0706,830.474
2017-01-24,1.06819,842.075
2017-01-25,1.05445,831.279
2017-01-26,1.06987,838.261
2017-01-27,1.06898,838.27
2017-01-30,1.08657,862.37
2017-01-31,1.08254,862.952
2017-02-01,1.10641,868.475
2017-02-02,1.09898,873.937
2017-02-03,1.11092,883.89
2017-02-06,1.10226,873.574
2017-02-07,1.10201,874.762
2017-02-08,1.11098,882.486
2017-02-09,1.11117,888.297
2017-02-10,1.10135,874.728
2017-02-13,1.10477,885.778
2017-02-14,1.10713,880.817
2017-02-15,1.10898,878.815
2017-02-16,1.10962,881.864
2017-02-17,1.12034,888.299
2017-02-20,1.117,885.872
2017-02-21,1.12174,889.646
2017-02-22,1.11817,885.308
2017-02-23,1.11893,891.379
2017-02-24,1.10606,882.58
2017-02-27,1.10014,877.649
2017-02-28,1.09997,874.778
2017-03-01,1.11312,893.198
2017-03-02,1.12522,899.334
2017-03-03,1.12199,897.216
2017-03-06,1.13585,910.445
2017-03-07,1.13361,908.131
2017-03-08,1.12098,894.844
2017-03-09,1.1162,890.021
2017-03-10,1.12184,896.109
2017-03-13,1.11954,894.292
2017-03-14,1.1149,891.36
2017-03-15,1.11136,894.451
2017-03-16,1.11773,902.678
2017-03-17,1.11555,904.909
2017-03-20,1.12939,909.016
2017-03-21,1.13773,906.06
2017-03-22,1.13424,898.086
2017-03-23,1.13387,897.636
2017-03-24,1.13072,903.822
2017-03-27,1.12954,896.946
2017-03-28,1.12873,901.812
2017-03-29,1.13013,892.692
2017-03-30,1.13669,892.818
2017-03-31,1.13101,889.469
2017-04-03,1.13334,886.69
2017-04-04,1.13994,886.121
2017-04-05,1.15948,890.37
2017-04-06,1.15915,886.785
2017-04-07,1.15532,884.968
2017-04-10,1.17776,912.4
2017-04-11,1.1739,909.04
2017-04-12,1.16719,909.517
2017-04-13,1.15275,898.702
2017-04-14,1.1483,900.632
2017-04-17,1.16242,906.533
2017-04-18,1.17578,913.733
2017-04-19,1.17556,908.036
2017-04-20,1.18306,920.389
2017-04-21,1.19664,924.234
2017-04-24,1.20649,938.023
2017-04-25,1.21523,946.344
2017-04-26,1.21323,945.218
2017-04-27,1.22909,942.82
2017-04-28,1.22726,946.548
2017-05-01,1.22726,946.548
2017-05-02,1.23015,943.554
2017-05-03,1.22407,938.622
2017-05-04,1.2248,930.38
2017-05-05,1.2278,939.279
2017-05-08,1.23275,938.322
2017-05-09,1.24972,953.229
2017-05-10,1.24356,961.937
2017-05-11,1.22994,951.136
2017-05-12,1.23539,949.959
2017-05-15,1.24124,955.873
2017-05-16,1.24321,961.61
2017-05-17,1.2307,957.245
2017-05-18,1.22535,951.468
2017-05-19,1.22535,951.468
2017-05-22,1.23902,963.995
2017-05-23,1.24715,977.17
2017-05-24,1.25745,983.133
2017-05-25,1.23986,977.124
2017-05-26,1.23821,975.328
2017-05-29,1.24131,977.255
2017-05-30,1.23865,973.471
2017-05-31,1.24982,975.411
2017-06-01,1.2461,973.653
2017-06-02,1.25958,988.674
2017-06-05,1.25249,981.915
2017-06-06,1.25068,983.31
2017-06-07,1.24278,976.16
2017-06-08,1.24897,979.77
2017-06-09,1.25579,989.424
2017-06-12,1.25387,994.416
2017-06-13,1.25939,992.992
2017-06-14,1.25672,996.358
2017-06-15,1.24474,987.365
2017-06-16,1.23724,981.921
2017-06-19,1.2509,993.316
2017-06-20,1.24593,992.688
2017-06-21,1.24293,993.896
2017-06-22,1.25217,1000.72
2017-06-23,1.24485,996.382
2017-06-26,1.24485,996.382
2017-06-27,1.24485,996.382
2017-06-28,1.24479,1006.17
2017-06-29,1.228,1001.9
2017-06-30,1.22984,1004.4
2017-07-03,1.22924,1005.22
2017-07-04,1.23313,1012.07
2017-07-05,1.22542,1007.44
2017-07-06,1.21854,1006.26
2017-07-07,1.21303,1000.84
2017-07-10,1.22535,1010.97
2017-07-11,1.2347,1031.82
2017-07-12,1.24091,1038.09
2017-07-13,1.24861,1042.1
2017-07-14,1.2642,1051.75
2017-07-17,1.28002,1062.16
2017-07-18,1.2692,1057.18
2017-07-19,1.28294,1074.17
2017-07-20,1.27779,1067.35
2017-07-21,1.2747,1068.42
2017-07-24,1.27856,1067.1
2017-07-25,1.27778,1070.4
2017-07-26,1.27364,1072.06
2017-07-27,1.28703,1083.91
2017-07-28,1.27779,1076.99
2017-07-31,1.27652,1075.31
2017-08-01,1.25818,1061.47
2017-08-02,1.25381,1065.25
2017-08-03,1.26708,1071.53
2017-08-04,1.28348,1085.45
2017-08-07,1.29507,1097.81
2017-08-08,1.29094,1096.39
2017-08-09,1.29218,1087.14
2017-08-10,1.28403,1078
2017-08-11,1.2768,1069.63
2017-08-14,1.29705,1095.37
2017-08-15,1.26778,1069.13
2017-08-16,1.25302,1068.61
2017-08-17,1.26027,1068.25
2017-08-18,1.26856,1072.02
2017-08-21,1.27935,1086.14
2017-08-22,1.27363,1085.94
2017-08-23,1.27425,1089.52
2017-08-24,1.27125,1091.53
2017-08-25,1.28122,1097.55
2017-08-28,1.28041,1103.39
2017-08-29,1.28113,1104.23
2017-08-30,1.28113,1104.23
2017-08-31,1.2795,1100.1
2017-09-01,1.2795,1100.1
2017-09-04,1.2787,1100.1
2017-09-05,1.26924,1088.72
2017-09-06,1.28797,1096.11
2017-09-07,1.30063,1097.42
2017-09-08,1.29204,1084.51
2017-09-11,1.30128,1094.57
2017-09-12,1.29442,1091.29
2017-09-13,1.28357,1081.55
2017-09-14,1.27846,1082.44
2017-09-15,1.28486,1077.41
2017-09-18,1.26867,1065.34
2017-09-19,1.24298,1049.17
2017-09-20,1.23694,1053.23
2017-09-21,1.22516,1040.01
2017-09-22,1.22036,1041.22
2017-09-25,1.19876,1022.7
2017-09-26,1.21978,1039.29
2017-09-27,1.20159,1012.18
2017-09-28,1.21805,1026.51
2017-09-29,1.23142,1029.07
2017-10-02,1.24525,1039.3
2017-10-03,1.25131,1039.07
2017-10-04,1.24867,1045.47
2017-10-05,1.24291,1043.34
2017-10-06,1.23999,1041.37
2017-10-09,1.21143,1012.97
2017-10-10,1.23683,1033.93
2017-10-11,1.23567,1038.15
2017-10-12,1.25397,1059.32
2017-10-13,1.2582,1062.25
2017-10-16,1.25804,1064.74
2017-10-17,1.26851,1069.9
2017-10-18,1.27347,1069.26
2017-10-19,1.28164,1084.33
2017-10-20,1.28345,1084.88
2017-10-23,1.28262,1073.03
2017-10-24,1.27824,1072.06
2017-10-25,1.28648,1083.54
2017-10-26,1.28085,1073.34
2017-10-27,1.28243,1078.83
2017-10-30,1.29549,1084.66
2017-10-31,1.29817,1101.42
2017-11-01,1.31908,1130.24
2017-11-02,1.32771,1129.94
2017-11-03,1.30846,1112.92
2017-11-06,1.33672,1141.65
2017-11-07,1.32352,1122.71
2017-11-08,1.32054,1118.94
2017-11-09,1.28644,1102.46
2017-11-10,1.27599,1089.49
2017-11-13,1.28277,1088.59
2017-11-14,1.28661,1101.48
2017-11-15,1.25838,1077.16
2017-11-16,1.24703,1069.76
2017-11-17,1.23495,1062.39
2017-11-20,1.21325,1039.11
2017-11-21,1.23528,1052.67
2017-11-22,1.24074,1059.63
2017-11-23,1.23312,1050.26
2017-11-24,1.22655,1045.39
2017-11-27,1.22756,1047.59
2017-11-28,1.20431,1020.67
2017-11-29,1.19726,1023.41
2017-11-30,1.20856,1039.84
2017-12-01,1.20343,1035.58
2017-12-04,1.22339,1052.14
2017-12-05,1.22726,1062.59
2017-12-06,1.21999,1053.03
2017-12-07,1.23132,1064.47
2017-12-08,1.24063,1079.21
2017-12-11,1.24339,1091.56
2017-12-12,1.24819,1090.49
2017-12-13,1.24056,1081.53
2017-12-14,1.24776,1096.66
2017-12-15,1.25444,1093.3
2017-12-18,1.25182,1102.47
2017-12-19,1.25336,1101.77
2017-12-20,1.26147,1104.54
2017-12-21,1.26888,1112.71
2017-12-22,1.26307,1110.99
2017-12-25,1.28471,1110.99
2017-12-26,1.28583,1120.06
2017-12-27,1.2891,1121.49
2017-12-28,1.30932,1144.8
2017-12-29,1.31799,1153.32
2018-01-01,1.31799,1153.32
2018-01-02,1.3369,1175.24
2018-01-03,1.31714,1160.52
2018-01-04,1.31803,1154.91
2018-01-05,1.32744,1166.37
2018-01-08,1.32837,1163.04
2018-01-09,1.3183,1150.22
2018-01-10,1.30015,1135.89
2018-01-11,1.31269,1147.18
2018-01-12,1.31501,1146.44
2018-01-15,1.28486,1121.59
2018-01-16,1.30022,1144.18
2018-01-17,1.31188,1165.92
2018-01-18,1.31226,1168.55
2018-01-19,1.30584,1151.46
2018-01-22,1.31526,1172.35
2018-01-23,1.32086,1183.99
2018-01-24,1.32027,1196.48
2018-01-25,1.30883,1186.03
2018-01-26,1.31813,1207.01
2018-01-29,1.32059,1208.45
2018-01-30,1.31439,1193.02
2018-01-31,1.31246,1195.28
2018-02-01,1.31277,1190.44
2018-02-02,1.30448,1181.19
2018-02-05,1.28689,1168.52
2018-02-06,1.26248,1154.57
2018-02-07,1.27307,1155.7
2018-02-08,1.25423,1142.63
2018-02-09,1.24553,1135.9
2018-02-12,1.25538,1148.21
2018-02-13,1.24623,1144.94
2018-02-14,1.2336,1134.54
2018-02-15,1.24799,1162.25
2018-02-16,1.25012,1165.1
2018-02-19,1.25469,1158.81
2018-02-20,1.23499,1134.32
2018-02-21,1.25781,1163.15
2018-02-22,1.26127,1168.4
2018-02-23,1.26023,1175.21
2018-02-26,1.26884,1187.91
2018-02-27,1.26666,1188.31
2018-02-28,1.27199,1189.5
2018-03-01,1.25896,1176.31
2018-03-02,1.24667,1168.59
2018-03-05,1.25074,1169.46
2018-03-06,1.24046,1167.09
2018-03-07,1.2375,1168.42
2018-03-08,1.24152,1165.66
2018-03-09,1.242,1169.14
2018-03-12,1.25113,1184.11
2018-03-13,1.24432,1182.66
2018-03-14,1.23205,1175.92
2018-03-15,1.22493,1172.01
2018-03-16,1.22372,1172.16
2018-03-19,1.2149,1154.5
2018-03-20,1.21058,1164.31
2018-03-21,1.22177,1176.51
2018-03-22,1.22537,1171.1
2018-03-23,1.21618,1166.02
2018-03-26,1.22307,1164.2
2018-03-27,1.21968,1161.96
2018-03-28,1.20131,1141.29
2018-03-29,1.23719,1148.44
2018-03-30,1.23935,1149.3
2018-04-02,1.23862,1144.41
2018-04-03,1.22751,1145.93
2018-04-04,1.22408,1139.75
2018-04-05,1.22637,1149.47
2018-04-06,1.23216,1147.37
2018-04-09,1.21861,1131.56
2018-04-10,1.20109,1107.12
2018-04-11,1.18122,1092.53
2018-04-12,1.18165,1102.35
2018-04-13,1.17761,1096.03
2018-04-16,1.18932,1106.87
2018-04-17,1.16577,1087.44
2018-04-18,1.18334,1120.98
2018-04-19,1.18859,1121.22
2018-04-20,1.18396,1109.32
2018-04-23,1.18396,1109.32
2018-04-24,1.1763,1100.58
2018-04-25,1.16008,1074.01
2018-04-26,1.1626,1070.15
2018-04-27,1.16571,1076.14
2018-04-30,1.14403,1042.82
2018-05-01,1.14403,1042.82
2018-05-02,1.13577,1047.25
2018-05-03,1.12416,1029.09
2018-05-04,1.12796,1025.99
2018-05-07,1.11924,1008.66
2018-05-08,1.08681,993.633
2018-05-09,1.09294,1007.8
2018-05-10,1.09091,1023.8
2018-05-11,1.10519,1018.52
2018-05-14,1.11772,1033.7
2018-05-15,1.09917,1015.4
2018-05-16,1.10824,1021.57
2018-05-17,1.10904,1018.69
2018-05-18,1.11428,1024.1
2018-05-21,1.10564,1022.57
2018-05-22,1.11641,1033.27
2018-05-23,1.09803,1018.91
2018-05-24,1.09093,1011.38
2018-05-25,1.10889,1032
2018-05-28,1.14061,1065.25
2018-05-29,1.13165,1051.13
2018-05-30,1.1261,1038.68
2018-05-31,1.10783,1006.52
2018-06-01,1.09473,991.707
2018-06-04,1.09898,992.493
2018-06-05,1.08694,978.227
2018-06-06,1.07099,966.572
2018-06-07,1.08387,986.232
2018-06-08,1.06914,958.752
2018-06-11,1.06614,966.609
2018-06-12,1.05391,953.065
2018-06-13,1.03436,935.043
2018-06-14,1.04902,945.403
2018-06-15,1.04902,945.403
2018-06-18,1.03498,930.428
2018-06-19,1.04807,944.364
2018-06-20,1.05388,945.514
2018-06-21,1.06447,950.567
2018-06-22,1.07433,958.516
2018-06-25,1.06978,940.078
2018-06-26,1.07052,944.077
2018-06-27,1.08797,959.543
2018-06-28,1.09905,962.265
2018-06-29,1.10579,965.196
2018-07-02,1.1117,967.73
2018-07-03,1.11207,965.877
2018-07-04,1.12379,972.296
2018-07-05,1.13074,990.965
2018-07-06,1.12718,987.334
2018-07-09,1.12482,992.523
2018-07-10,1.10116,962.742
2018-07-11,1.05518,912.89
2018-07-12,1.03957,895.708
2018-07-13,1.04816,898.972
2018-07-16,1.05583,897.435
2018-07-17,1.07554,916.291
2018-07-18,1.07643,923.215
2018-07-19,1.0978,930.024
2018-07-20,1.10546,940.818
2018-07-23,1.11703,953.047
2018-07-24,1.10387,921.333
2018-07-25,1.12301,953.681
2018-07-26,1.1265,948.168
2018-07-27,1.13651,955.843
2018-07-30,1.14802,961.572
2018-07-31,1.16042,969.517
2018-08-01,1.15006,972.101
2018-08-02,1.12893,945.428
2018-08-03,1.13846,956.1
2018-08-06,1.12888,941.735
2018-08-07,1.14491,961.605
2018-08-08,1.15775,969.734
2018-08-09,1.17381,971.846
2018-08-10,1.16801,949.391
2018-08-13,1.18122,926.841
2018-08-14,1.16291,934.182
2018-08-15,1.11983,902.625
2018-08-16,1.10546,871.427
2018-08-17,1.09871,887.343
2018-08-20,1.11861,901.855
2018-08-21,1.11861,901.855
2018-08-22,1.11861,901.855
2018-08-23,1.11861,901.855
2018-08-24,1.11861,901.855
2018-08-27,1.13643,912.835
2018-08-28,1.17098,938.664
2018-08-29,1.17264,932.802
2018-08-30,1.17264,932.802
2018-08-31,1.17739,927.229
2018-09-03,1.20436,939.151
2018-09-04,1.19604,931.888
2018-09-05,1.20405,927.905
2018-09-06,1.20315,927.628
2018-09-07,1.20297,932.737
2018-09-10,1.17285,916.978
2018-09-11,1.16986,923.886
2018-09-12,1.16848,922.269
2018-09-13,1.18676,944.187
2018-09-14,1.18924,947.591
2018-09-17,1.20151,943.472
2018-09-18,1.2037,948.864
2018-09-19,1.21378,966.033
2018-09-20,1.22017,961.206
2018-09-21,1.22441,979.877
2018-09-24,1.22605,995.469
2018-09-25,1.21821,992.92
2018-09-26,1.22058,991.484
2018-09-27,1.22482,1002.98
2018-09-28,1.22248,999.564
2018-10-01,1.22204,985.367
2018-10-02,1.22201,981.602
2018-10-03,1.21235,971.874
2018-10-04,1.18919,944.963
2018-10-05,1.20327,948.83
2018-10-08,1.20531,960.868
2018-10-09,1.2023,967.313
2018-10-10,1.18625,944.402
2018-10-11,1.19621,947.47
2018-10-12,1.20534,966.569
2018-10-15,1.21528,986.308
2018-10-16,1.22352,984.659
2018-10-17,1.24042,989.905
2018-10-18,1.23167,974.535
2018-10-19,1.23519,964.541
2018-10-22,1.22579,946.812
2018-10-23,1.20443,934.685
2018-10-24,1.20883,926.917
2018-10-25,1.21981,937.472
2018-10-26,1.19593,905.41
2018-10-29,1.19593,905.41
2018-10-30,1.20035,899.994
2018-10-31,1.20363,902.002
2018-11-01,1.20993,923.869
2018-11-02,1.21207,941.225
2018-11-05,1.22206,959.472
2018-11-06,1.2096,947.272
2018-11-07,1.22017,954.928
2018-11-08,1.21427,935.057
2018-11-09,1.17741,928.387
2018-11-12,1.17267,914.448
2018-11-13,1.17264,927.081
2018-11-14,1.16236,932.867
2018-11-15,1.17744,932.963
2018-11-16,1.17388,936.16
2018-11-19,1.1751,945.704
2018-11-20,1.14692,916.859
2018-11-21,1.15173,927.075
2018-11-22,1.15436,926.283
2018-11-23,1.14856,930.028
2018-11-26,1.1584,939.619
2018-11-27,1.16961,935.165
2018-11-28,1.17321,940.705
2018-11-29,1.17697,951.251
2018-11-30,1.17855,954.155
2018-12-03,1.16887,949.74
2018-12-04,1.15193,938.8
2018-12-05,1.15011,939.697
2018-12-06,1.1409,928.268
2018-12-07,1.15311,936.99
2018-12-10,1.14746,922.268
2018-12-11,1.1483,918.004
2018-12-12,1.11507,900.506
2018-12-13,1.13143,913.86
2018-12-14,1.12515,905.281
2018-12-17,1.12164,899.614
2018-12-18,1.13106,910.736
2018-12-19,1.14161,925.522
2018-12-20,1.14289,918.536
2018-12-21,1.14763,918.603
2018-12-24,1.14134,915.264
2018-12-25,1.13681,915.264
2018-12-26,1.13411,910.017
2018-12-27,1.12612,909.743
2018-12-28,1.11843,904.348
2018-12-31,1.13668,912.7
2019-01-01,1.13668,912.7
2019-01-02,1.11305,888.645
2019-01-03,1.08963,873.985
2019-01-04,1.09812,888.303
2019-01-07,1.10043,899.506
2019-01-08,1.10016,906.965
2019-01-09,1.10546,911.564
2019-01-10,1.10432,911.958
2019-01-11,1.10534,916.865
2019-01-14,1.0972,920.533
2019-01-15,1.10486,931.728
2019-01-16,1.11857,954.11
2019-01-17,1.12998,968.169
2019-01-18,1.13871,984.544
2019-01-21,1.14262,979.547
2019-01-22,1.14282,996.766
2019-01-23,1.15443,1001.4
2019-01-24,1.16308,1017.74
2019-01-25,1.16416,1018.01
2019-01-28,1.16847,1012.89
2019-01-29,1.17546,1040.98
2019-01-30,1.18645,1041.89
2019-01-31,1.18157,1040.74
2019-02-01,1.17742,1029.37
2019-02-04,1.18454,1022.54
2019-02-05,1.17991,1024.48
2019-02-06,1.19029,1025.84
2019-02-07,1.19251,1027.83
2019-02-08,1.19058,1024.51
2019-02-11,1.20653,1043.94
2019-02-12,1.20198,1037.62
2019-02-13,1.18079,1016.45
2019-02-14,1.17765,1021.29
2019-02-15,1.18883,1027.14
2019-02-18,1.19594,1017.28
2019-02-19,1.18623,1017.42
2019-02-20,1.20068,1019.71
2019-02-21,1.20995,1024.93
2019-02-22,1.22732,1031.85
2019-02-25,1.24752,1043.3
2019-02-26,1.24326,1050.82
2019-02-27,1.24654,1041.4
2019-02-28,1.24305,1045.29
2019-03-01,1.25053,1032.66
2019-03-04,1.26474,1041.93
2019-03-05,1.27254,1037.3
2019-03-06,1.26316,1034.52
2019-03-07,1.24768,1022.82
2019-03-08,1.24099,1015.38
2019-03-11,1.24071,1008.5
2019-03-12,1.23861,1017.21
2019-03-13,1.24291,1021.96
2019-03-14,1.25548,1024.32
2019-03-15,1.26016,1033.04
2019-03-18,1.25262,1045.94
2019-03-19,1.26327,1048.61
2019-03-20,1.24462,1033.1
2019-03-21,1.23648,1034.07
2019-03-22,1.19822,998.348
2019-03-25,1.1829,993.254
2019-03-26,1.16912,973.781
2019-03-27,1.10777,918.546
2019-03-28,1.12857,921.198
2019-03-29,1.1293,937.837
2019-04-01,1.13744,941.008
2019-04-02,1.14794,935.326
2019-04-03,1.14897,944.406
2019-04-04,1.1603,983.364
2019-04-05,1.1676,987.829
2019-04-08,1.16314,969.778
2019-04-09,1.16017,981.348
2019-04-10,1.15082,970.145
2019-04-11,1.15309,960.725
2019-04-12,1.14593,959.763
2019-04-15,1.14564,951.912
2019-04-16,1.15867,968.085
2019-04-17,1.18641,982.027
2019-04-18,1.17254,968.86
2019-04-19,1.18262,968.609
2019-04-22,1.18945,959.523
2019-04-23,1.18945,959.523
2019-04-24,1.19326,961.417
2019-04-25,1.17221,944.98
2019-04-26,1.17092,947.826
2019-04-29,1.1641,945.346
2019-04-30,1.1719,954.151
2019-05-01,1.1719,954.151
2019-05-02,1.16298,941.789
2019-05-03,1.16278,939.456
2019-05-06,1.14423,929.818
2019-05-07,1.13852,914.82
2019-05-08,1.14658,902.717
2019-05-09,1.14411,886.854
2019-05-10,1.15283,885.329
2019-05-13,1.13094,862.82
2019-05-14,1.13956,880.224
2019-05-15,1.1289,873.799
2019-05-16,1.12731,872.034
2019-05-17,1.12528,867.956
2019-05-20,1.12904,867.71
2019-05-21,1.12114,853.091
2019-05-22,1.09157,836.749
2019-05-23,1.091,845.957
2019-05-24,1.10677,860.718
2019-05-27,1.11651,855.449
2019-05-28,1.12596,867.771
2019-05-29,1.12469,871.858
2019-05-30,1.13828,900.111
2019-05-31,1.14955,905.892
2019-06-03,1.14803,903.451
2019-06-04,1.14785,903.451
2019-06-05,1.14785,903.451
2019-06-06,1.14785,903.451
2019-06-07,1.16924,938.086
2019-06-10,1.18644,941.026
2019-06-11,1.17803,928.251
2019-06-12,1.16842,926.053
2019-06-13,1.14466,905.01
2019-06-14,1.14872,907.865
2019-06-17,1.15999,922.493
2019-06-18,1.17455,942.182
2019-06-19,1.18089,942.436
2019-06-20,1.17685,941.572
2019-06-21,1.1742,940.218
2019-06-24,1.18199,951.82
2019-06-25,1.17938,954.206
2019-06-26,1.1843,948.307
2019-06-27,1.18933,955.726
2019-06-28,1.19054,964.848
2019-07-01,1.2169,997.352
2019-07-02,1.22639,1002
2019-07-03,1.21473,993.628
2019-07-04,1.21,993.817
2019-07-05,1.20819,996.343
2019-07-08,1.20906,986.949
2019-07-09,1.19013,968.107
2019-07-10,1.20315,985.848
2019-07-11,1.21122,994.059
2019-07-12,1.19872,970.978
2019-07-15,1.19872,970.978
2019-07-16,1.20283,980.28
2019-07-17,1.21159,998.057
2019-07-18,1.21629,1015.66
2019-07-19,1.21622,1018.49
2019-07-22,1.20875,1010.88
2019-07-23,1.21586,1025.56
2019-07-24,1.21297,1034.57
2019-07-25,1.2118,1020.44
2019-07-26,1.21895,1028.37
2019-07-29,1.21848,1033.73
2019-07-30,1.23943,1026.86
2019-07-31,1.23713,1020.82
2019-08-01,1.23839,1019
2019-08-02,1.23833,996.789
2019-08-05,1.21859,986.728
2019-08-06,1.22614,995.833
2019-08-07,1.20441,980.56
2019-08-08,1.20344,992.08
2019-08-09,1.20351,994.045
2019-08-12,1.20351,994.045
2019-08-13,1.20351,994.045
2019-08-14,1.20351,994.045
2019-08-15,1.17775,965.782
2019-08-16,1.19591,957.337
2019-08-19,1.1968,952.857
2019-08-20,1.19818,960.313
2019-08-21,1.19607,955.216
2019-08-22,1.1942,953.937
2019-08-23,1.20512,971.485
2019-08-26,1.21236,971.008
2019-08-27,1.21787,960.3
2019-08-28,1.21329,959.079
2019-08-29,1.21428,967.18
2019-08-30,1.21428,967.18
2019-09-02,1.2299,983.424
2019-09-03,1.23527,988.256
2019-09-04,1.24819,1000.77
2019-09-05,1.24701,1002.78
2019-09-06,1.2423,989.87
2019-09-09,1.24714,1006.04
2019-09-10,1.2536,1012.12
2019-09-11,1.2616,1019.22
2019-09-12,1.26175,1024.47
2019-09-13,1.27272,1030.71
2019-09-16,1.27559,1025.89
2019-09-17,1.2721,1014.47
2019-09-18,1.27334,1019.3
2019-09-19,1.26843,1003.38
2019-09-20,1.27646,1002.36
2019-09-23,1.29082,1000.2
2019-09-24,1.3119,1018.46
2019-09-25,1.32501,1026.18
2019-09-26,1.32276,1019.4
2019-09-27,1.33299,1051.52
2019-09-30,1.34269,1050.32
2019-10-01,1.35032,1038.76
2019-10-02,1.35993,1035.09
2019-10-03,1.34023,1027.84
2019-10-04,1.35153,1034.63
2019-10-07,1.34714,1029.93
2019-10-08,1.33783,1018.59
2019-10-09,1.3144,996.482
2019-10-10,1.30631,987.799
2019-10-11,1.3054,990.273
2019-10-14,1.25854,939.809
2019-10-15,1.2806,952.571
2019-10-16,1.26856,941.367
2019-10-17,1.26435,948.957
2019-10-18,1.29123,984.148
2019-10-21,1.2942,973.235
2019-10-22,1.30184,978.859
2019-10-23,1.32108,997.847
2019-10-24,1.33279,1003.45
2019-10-25,1.32687,1002.15
2019-10-28,1.32812,998.378
2019-10-30,1.33134,986.915
2019-10-31,1.33533,984.68
2019-11-01,1.32919,984.622
2019-11-04,1.3438,1000.87
2019-11-05,1.34719,1005.25
2019-11-06,1.3542,1011.43
2019-11-07,1.3613,1035.44
2019-11-08,1.35361,1031.53
2019-11-11,1.35084,1031.18
2019-11-12,1.36559,1039.72
2019-11-13,1.37093,1048.28
2019-11-14,1.3805,1037.8
2019-11-15,1.41215,1053.79
2019-11-18,1.41624,1068.46
2019-11-19,1.43965,1075.28
2019-11-20,1.4298,1067.85
2019-11-21,1.45839,1068.05
2019-11-22,1.47644,1065.88
2019-11-25,1.48097,1053.82
2019-11-26,1.48133,1059.83
2019-11-27,1.48784,1058.44
2019-11-28,1.52066,1071.26
2019-11-29,1.52745,1069.03
2019-12-02,1.57452,1080.04
2019-12-03,1.62459,1067.89
2019-12-04,1.62788,1077.01
2019-12-05,1.66107,1086.58
2019-12-06,1.67343,1088.69
2019-12-09,1.67838,1087.86
2019-12-10,1.65192,1080.11
2019-12-11,1.65274,1079.21
2019-12-12,1.68161,1101.14
2019-12-13,1.65811,1104.76
2019-12-16,1.65749,1111.25
2019-12-17,1.64731,1110.73
2019-12-18,1.63308,1105.74
2019-12-19,1.66041,1105.99
2019-12-20,1.66631,1111.76
2019-12-23,1.66077,1121.75
2019-12-24,1.6719,1131.53
2019-12-25,1.6693,1131.53
2019-12-26,1.66055,1136.52
2019-12-27,1.6477,1136.83
2019-12-30,1.65759,1147.53
2019-12-31,1.6651,1144.24
2020-01-02,1.69541,1159.31
2020-01-03,1.65166,1136.83
2020-01-06,1.63053,1114.12
2020-01-07,1.65566,1125.99
2020-01-08,1.63444,1128.76
2020-01-09,1.70367,1179.9
2020-01-10,1.71737,1186.63
2020-01-13,1.75599,1202.48
2020-01-14,1.77341,1214.23
2020-01-15,1.76914,1209.38
2020-01-16,1.74866,1210
2020-01-17,1.76677,1214.74
2020-01-20,1.78717,1226.19
2020-01-21,1.79728,1235.55
2020-01-22,1.79744,1227.46
2020-01-23,1.8047,1225.4
2020-01-24,1.81344,1221.41
2020-01-27,1.8242,1201.49
2020-01-28,1.81513,1198.01
2020-01-29,1.81709,1196.89
2020-01-30,1.7973,1198.49
2020-01-31,1.79464,1191.39
2020-02-03,1.80803,1192.42
2020-02-04,1.84784,1221.36
2020-02-05,1.84424,1223.2
2020-02-06,1.84408,1222.83
2020-02-07,1.84029,1210.14
2020-02-10,1.79674,1183.41
2020-02-11,1.83008,1197.97
2020-02-12,1.84157,1200.48
2020-02-13,1.8646,1205.4
2020-02-14,1.86263,1201.51
2020-02-17,1.87381,1207.91
2020-02-18,1.83287,1195.73
2020-02-19,1.81224,1191.95
2020-02-20,1.71382,1156.41
2020-02-21,1.75421,1168.29
2020-02-24,1.75596,1147.89
2020-02-25,1.78487,1143.64
2020-02-26,1.78647,1151.71
2020-02-27,1.68197,1104.18
2020-02-28,1.59382,1059.93
2020-03-02,1.63002,1073.09
2020-03-03,1.68041,1112.07
2020-03-04,1.65162,1107.85
2020-03-05,1.64675,1118.15
2020-03-06,1.59283,1096
2020-03-09,1.46562,1035.23
2020-03-10,1.38146,1010.62
2020-03-11,1.38078,1009.66
2020-03-12,1.2104,936.39
2020-03-13,1.25331,956.047
2020-03-16,1.14901,878.878
2020-03-17,1.10598,867.772
2020-03-18,1.10137,855.761
2020-03-19,1.09638,851.949
2020-03-20,1.13065,857.953
2020-03-23,1.11903,842.458
2020-03-24,1.20274,892.857
2020-03-25,1.21504,890.625
2020-03-26,1.26121,915.271
2020-03-27,1.23676,881.245
2020-03-30,1.28261,880.59
2020-03-31,1.34321,896.432
2020-04-01,1.33912,890.846
2020-04-02,1.35933,895.104
2020-04-03,1.37883,895.521
2020-04-06,1.44196,920.706
2020-04-07,1.44193,923.813
2020-04-08,1.46443,932.247
2020-04-09,1.47449,958.339
2020-04-10,1.48233,964.705
2020-04-13,1.48479,963.981
2020-04-14,1.51475,985.493
2020-04-15,1.48742,958.544
2020-04-16,1.5272,962.486
2020-04-17,1.55711,981.793
2020-04-20,1.60205,989.454
2020-04-21,1.61933,976.185
2020-04-22,1.61911,981.705
2020-04-24,1.62986,987.585
2020-04-27,1.70279,1012.67
2020-04-28,1.73634,1007.07
2020-04-29,1.78077,1015.95
2020-04-30,1.77287,1011.1
2020-05-04,1.75877,988.417
2020-05-05,1.74626,987.37
2020-05-06,1.74046,985.71
2020-05-07,1.7577,983.983
2020-05-08,1.74473,978.447
2020-05-11,1.7677,977.917
2020-05-12,1.78939,996.154
2020-05-13,1.79749,1001.59
2020-05-14,1.76143,991.925
2020-05-15,1.80889,997.677
2020-05-18,1.84024,1019.82
2020-05-20,1.84516,1021.57
2020-05-21,1.83189,1026.48
2020-05-22,1.85264,1030.24
2020-05-27,1.90546,1049.53
2020-05-28,1.87345,1053.59
2020-05-29,1.87025,1055.2
2020-06-01,1.8807,1072.66
2020-06-02,1.87457,1080.97
2020-06-03,1.90324,1091.11
2020-06-04,1.91115,1095.36
2020-06-05,1.91143,1100.21
2020-06-08,1.89847,1096.37
2020-06-09,1.89223,1092.36
2020-06-10,1.91822,1097.78
2020-06-11,1.92275,1091.55
2020-06-12,1.97887,1098.35
2020-06-15,2.00951,1095.55
2020-06-16,2.0239,1109.39
2020-06-17,2.01122,1109.39
2020-06-18,2.01863,1124.94
2020-06-19,1.99517,1136.11
2020-06-22,2.01385,1151.89
2020-06-23,2.01263,1153.38
2020-06-24,1.99485,1144.48
2020-06-25,2.01442,1141.38
2020-06-26,2.03629,1146.68
2020-06-29,2.05626,1158.42
2020-06-30,2.09536,1165.24
2020-07-01,2.14302,1153.14
2020-07-02,2.20794,1169.07
2020-07-03,2.22959,1157.48
2020-07-06,2.29295,1184.85
2020-07-07,2.30679,1193.38
2020-07-08,2.28293,1187.12
2020-07-09,2.15228,1157.93
2020-07-10,2.11488,1148.08
2020-07-13,2.23,1183.98
2020-07-14,2.24714,1177.4
2020-07-16,2.26175,1188.07
2020-07-17,2.26269,1187.85
2020-07-20,2.26518,1192.8
2020-07-21,2.22118,1180.41
2020-07-22,2.21711,1180.79
2020-07-23,2.23341,1190.31
2020-07-24,2.24308,1192.01
2020-07-27,2.28699,1195.69
2020-07-28,2.18021,1152.69
2020-07-29,2.19242,1135.59
2020-07-30,2.19322,1126.89
2020-08-04,2.07552,1087.19
2020-08-05,2.08973,1091.79
2020-08-06,1.9562,1034.39
2020-08-07,2.0147,1060.59
2020-08-10,2.04184,1075.49
2020-08-11,2.10938,1110.09
2020-08-12,2.09806,1114.19
2020-08-13,2.04641,1100.29
2020-08-14,2.04518,1083.79
2020-08-17,2.01615,1086.19
2020-08-18,2.01276,1092.49
2020-08-19,2.06734,1124.69
2020-08-20,2.08352,1126.79
2020-08-21,2.05529,1109.89
2020-08-24,2.05844,1108.39
2020-08-25,2.03456,1092.19
2020-08-26,2.0428,1098.99
2020-08-27,2.07564,1108.89
2020-08-28,2.10079,1100.59
2020-08-31,2.09366,1078.59
2020-09-01,2.13975,1085.19
2020-09-02,2.13577,1083.89
2020-09-03,2.11436,1076.29
2020-09-04,2.12314,1086.29
2020-09-07,2.1932,1096.79
2020-09-08,2.20412,1089.59
2020-09-09,2.23884,1099.69
2020-09-10,2.23529,1099.09
2020-09-11,2.26034,1102.69
2020-09-14,2.31398,1107.29
2020-09-15,2.35129,1111.19
2020-09-16,2.40767,1107.09
2020-09-17,2.44378,1110.69
2020-09-18,2.4985,1111.99
2020-09-21,2.50842,1086.99
2020-09-22,2.55935,1096.19
2020-09-23,2.61715,1102.69
2020-09-24,2.66198,1119.59
2020-09-25,2.72497,1124.19
2020-09-28,2.7706,1121.19
2020-09-29,2.8285,1123.29
2020-09-30,2.91443,1145.19
2020-10-01,2.96163,1143.49
2020-10-02,3.02457,1144.99
2020-10-05,3.09279,1160.69
2020-10-06,3.13866,1153.69
2020-10-07,3.18068,1152.39
2020-10-08,3.20419,1150.49
2020-10-09,3.20925,1165.69
2020-10-12,3.25806,1178.39
2020-10-13,3.29962,1174.69
2020-10-14,3.35399,1189.29
2020-10-15,3.35201,1180.39
2020-10-16,3.39743,1192.69
2020-10-19,3.42522,1205.39
2020-10-20,3.4926,1210.39
2020-10-21,3.55772,1211.49
2020-10-22,3.60579,1198.29
2020-10-23,3.61058,1190.59
2020-10-26,3.46993,1144.49
2020-10-27,3.5633,1152.59
2020-10-28,3.59099,1126.99
2020-10-30,3.6275,1112.39
2020-11-02,3.75396,1133.59
2020-11-03,3.83146,1150.69
2020-11-04,3.89695,1167.69
2020-11-05,3.96588,1179.99
2020-11-06,4.07613,1191.99
2020-11-09,4.18471,1231.49
2020-11-10,4.26466,1242.99
2020-11-11,4.3451,1279.19
2020-11-12,4.32461,1271.79
2020-11-13,4.35724,1291.29
2020-11-16,4.2796,1292.99
2020-11-17,4.14745,1259.69
2020-11-18,4.1768,1294.69
2020-11-19,4.26579,1312.99
2020-11-20,4.29653,1323.99
2020-11-23,4.27992,1314.29
2020-11-24,4.31074,1320.99
2020-11-25,4.32622,1325.49
2020-11-26,4.32379,1342.49
2020-11-27,4.33053,1328.69
2020-11-30,4.25373,1283.59
2020-12-01,4.36543,1325.29
2020-12-02,4.43518,1325.49
2020-12-03,4.49698,1330.89
2020-12-04,4.46417,1330.89
2020-12-07,4.50235,1329.89
2020-12-08,4.4874,1339.89
2020-12-09,4.54524,1350.29
2020-12-10,4.58132,1353.39
2020-12-11,4.66043,1370.69
2020-12-14,4.7206,1388.59
2020-12-15,4.72739,1395.39
2020-12-16,4.67726,1392.49
2020-12-17,4.71825,1399.39
2020-12-18,4.7142,1408.29
2020-12-21,4.68573,1384.39
2020-12-22,4.81326,1404.99
2020-12-23,4.88217,1417.69
2020-12-24,4.94318,1425.99
2020-12-25,5.02093,1425.99
2020-12-28,5.17562,1439.29
2020-12-29,5.20464,1459.69
2020-12-30,5.22491,1479.89
2020-12-31,5.22676,1476.69
2021-01-04,5.29773,1495.39
2021-01-05,5.2536,1489.59
2021-01-06,5.38152,1505.39
2021-01-07,5.4213,1522.19
2021-01-08,5.45219,1540.59
2021-01-11,5.4679,1536.19
2021-01-12,5.53842,1549.49
2021-01-13,5.6325,1559.29
2021-01-14,5.72258,1546.59
2021-01-15,5.69604,1524.49
2021-01-18,5.85015,1556.79
2021-01-19,6.03521,1564.99
2021-01-20,6.23404,1569.39
2021-01-21,6.21323,1551.59
2021-01-22,6.11213,1542.49
2021-01-25,6.3805,1540.19
2021-01-26,6.29527,1536.09
2021-01-27,5.84386,1466.99
2021-01-28,5.88507,1498.29
2021-01-29,5.93886,1473.49
2021-02-01,6.18455,1492.49
2021-02-02,6.36373,1511.39
2021-02-03,6.52784,1533.59
2021-02-04,6.65614,1534.89
2021-02-05,6.7081,1527.19
2021-02-08,6.76886,1534.89
2021-02-09,6.7373,1544.09
2021-02-10,6.72285,1547.09
2021-02-11,6.82998,1545.59
2021-02-12,6.9167,1538.39
2021-02-15,7.08959,1562.49
2021-02-16,7.16022,1542.79
2021-02-17,7.12282,1540.59
2021-02-18,7.25276,1546.39
2021-02-19,7.32675,1560.29
2021-02-22,7.38819,1550.59
2021-02-23,7.16587,1517.89
2021-02-24,6.98453,1482.99
2021-02-25,6.97672,1488.19
2021-02-26,6.91446,1471.39
2021-03-01,7.18856,1527.49
2021-03-02,7.10838,1528.79
2021-03-03,7.08677,1531.09
2021-03-04,7.13047,1537.99
2021-03-05,7.08613,1541.99
2021-03-08,7.14598,1530.29
2021-03-09,7.19692,1549.19
2021-03-10,7.26615,1564.89
2021-03-11,7.24227,1556.49
2021-03-12,7.23139,1557.39
2021-03-15,7.22676,1555.49
2021-03-16,7.37257,1570.39
2021-03-17,7.27213,1562.09
2021-03-18,7.34089,1550.89
2021-03-19,7.31637,1528.99
2021-03-22,6.60824,1379.29
2021-03-23,6.75577,1377.39
2021-03-24,7.20421,1413.89
2021-03-25,7.21904,1394.39
2021-03-26,7.19084,1382.19
2021-03-29,7.43808,1392.59
2021-03-30,7.48739,1395.79
2021-03-31,7.61045,1391.69
2021-04-01,7.81279,1426.59
2021-04-02,7.85452,1426.59
2021-04-05,7.85566,1442.09
2021-04-06,7.70285,1420.59
2021-04-07,7.72709,1417.89
2021-04-08,7.70121,1416.59
2021-04-09,7.59703,1393.19
2021-04-12,7.44681,1375.89
2021-04-13,7.47258,1378.39
2021-04-14,7.60948,1409.19
2021-04-15,7.52404,1407.79
2021-04-16,7.64128,1408.09
2021-04-19,7.35319,1377.19
2021-04-20,7.10747,1365.29
2021-04-21,6.70312,1330.49
2021-04-22,6.8743,1345.19
2021-04-26,7.16134,1373.99
2021-04-27,7.18274,1391.99
2021-04-28,7.25372,1385.89
2021-04-29,7.36428,1401.49
2021-04-30,7.37635,1397.79
2021-05-03,7.56565,1421.19
2021-05-04,7.56359,1416.29
2021-05-05,7.63434,1419.99
2021-05-06,7.66372,1427.69
2021-05-07,7.62812,1441.29
2021-05-10,7.79899,1460.89
2021-05-11,7.71609,1444.89
2021-05-12,7.71697,1441.29
2021-05-17,7.83272,1454.29
2021-05-18,7.8058,1459.59
2021-05-20,7.84539,1449.79
2021-05-21,7.86004,1451.79
2021-05-24,7.78266,1452.19
2021-05-25,7.43316,1400.19
2021-05-26,7.48865,1427.09
2021-05-27,7.44755,1414.99
2021-05-28,7.42535,1422.09
2021-05-31,7.3529,1420.49
2021-06-01,7.38893,1431.99
2021-06-02,7.34935,1430.69
2021-06-03,7.34811,1428.09
2021-06-04,7.35321,1432.89
2021-06-07,7.37784,1447.09
2021-06-08,7.32248,1447.59
2021-06-09,7.32917,1449.19
2021-06-10,7.33311,1456.69
2021-06-11,7.28365,1460.89
2021-06-14,7.22381,1454.29
2021-06-15,7.13318,1442.59
2021-06-16,7.00955,1431.29
2021-06-17,6.93977,1414.19
2021-06-18,6.81454,1391.09
2021-06-21,6.82014,1398.49
2021-06-22,6.87625,1409.89
2021-06-23,6.91152,1402.39
2021-06-24,6.9177,1410.79
2021-06-25,6.88407,1391.89
2021-06-28,6.77332,1373.29
2021-06-29,6.84292,1371.69
2021-06-30,6.81572,1356.29
2021-07-01,6.95533,1372.79
2021-07-02,7.0421,1376.69
2021-07-05,7.20686,1392.59
2021-07-06,7.22522,1382.59
2021-07-07,7.23735,1390.59
2021-07-08,7.18296,1372.99
2021-07-09,7.22255,1378.29
2021-07-12,7.01962,1356.99
2021-07-13,6.91365,1346.79
2021-07-14,7.10055,1367.29
2021-07-16,7.12368,1363.29
2021-07-19,7.13868,1351.59
2021-07-26,7.32589,1349.09
2021-07-27,7.36295,1359.59
2021-07-28,7.45515,1360.79
2021-07-29,7.53904,1391.59
2021-07-30,7.56643,1392.89
2021-08-02,7.5683,1399.69
2021-08-03,7.5367,1408.79
2021-08-04,7.54893,1413.79
2021-08-05,7.56977,1431.79
2021-08-06,7.59242,1434.79
2021-08-09,7.66537,1432.59
2021-08-10,7.70525,1437.49
2021-08-11,7.59401,1410.89
2021-08-12,7.69386,1444.49
2021-08-13,7.73067,1447.59
2021-08-16,7.70835,1455.29
2021-08-17,7.72839,1461.69
2021-08-18,7.68089,1449.59
2021-08-19,7.66798,1439.89
2021-08-20,7.62835,1444.59
2021-08-23,7.68949,1459.29
2021-08-24,7.66771,1465.89
2021-08-25,7.60484,1453.29
2021-08-26,7.52678,1448.49
2021-08-27,7.58239,1458.19
2021-08-31,7.67258,1472.09
2021-09-01,7.68574,1474.09
2021-09-02,7.75963,1479.09
2021-09-03,7.735,1468.69
2021-09-06,7.80609,1474.69
2021-09-07,7.76351,1454.69
2021-09-08,7.56254,1433.89
2021-09-09,7.66674,1452.69
2021-09-10,7.67779,1438.69
2021-09-13,7.65369,1438.29
2021-09-14,7.62239,1434.39
2021-09-15,7.62963,1423.99
2021-09-16,7.62538,1417.99
2021-09-17,7.57711,1419.39
2021-09-20,7.4201,1391.89
2021-09-21,7.37704,1385.59
2021-09-22,7.4413,1407.49
2021-09-23,7.4161,1401.49
2021-09-24,7.40976,1384.69
2021-09-27,7.44688,1391.69
2021-09-28,7.43529,1383.79
2021-09-29,7.51585,1391.89
2021-09-30,7.54644,1406.39
2021-10-01,7.59307,1401.49
2021-10-04,7.65001,1394.39
2021-10-05,7.64437,1391.69
2021-10-06,7.51884,1371.69
2021-10-07,7.60661,1396.89
2021-10-08,7.62698,1397.99
2021-10-11,7.70588,1416.29
2021-10-12,7.68537,1416.79
2021-10-13,7.67273,1413.49
2021-10-14,7.68847,1411.79
2021-10-15,7.69749,1409.59
2021-10-18,7.79032,1417.69
2021-10-19,7.90548,1429.89
2021-10-20,7.93716,1432.79
2021-10-21,8.09107,1455.39
2021-10-22,8.11763,1479.89
2021-10-25,8.1753,1492.89
2021-10-26,8.24836,1509.19
2021-10-27,8.22804,1519.29
2021-10-28,8.23626,1521.99
2021-11-01,8.18717,1536.29
2021-11-02,8.126,1533.09
2021-11-03,8.10206,1546.99
2021-11-04,8.17498,1575.69
2021-11-05,8.1638,1583.59
2021-11-08,8.2702,1608.49
2021-11-09,8.27916,1615.59
2021-11-10,8.37724,1624.09
2021-11-11,8.5153,1625.09
2021-11-12,8.54057,1638.49
2021-11-15,8.62971,1702.49
2021-11-16,8.57185,1685.59
2021-11-17,8.68444,1706.99
2021-11-18,8.81729,1736.89
2021-11-19,9.01263,1737.29
2021-11-22,9.08061,1755.49
2021-11-23,9.25378,1784.59
2021-11-24,9.36589,1812.29
2021-11-25,9.39382,1819.19
2021-11-26,9.20056,1776.39
2021-11-29,9.37478,1808.79
2021-11-30,9.61982,1809.69
2021-12-01,9.75422,1857.39
2021-12-02,9.87666,1880.09
2021-12-03,10.0527,1910.39
2021-12-06,10.168,1927.39
2021-12-07,10.2475,1980.99
2021-12-08,10.4938,2004.59
2021-12-09,10.5659,2031.39
2021-12-10,10.6498,2035.49
2021-12-13,11.0172,2101.49
2021-12-14,11.3259,2157.69
2021-12-15,11.1352,2162.29
2021-12-16,11.4483,2278.59
2021-12-17,10.8842,2084.49
2021-12-20,10.5667,2056.39
2021-12-21,9.76056,1891.99
2021-12-22,9.19477,1804.19
2021-12-23,9.26027,1805.29
2021-12-24,9.51928,1891.29
2021-12-27,9.66637,1897.09
2021-12-28,9.57293,1850.49
2021-12-29,9.77368,1895.49
2021-12-30,9.57469,1863.69
2021-12-31,9.74585,1857.69
2022-01-03,10.0084,1926.69
2022-01-04,10.0292,1963.59
2022-01-05,10.1073,2005.29
2022-01-06,10.1347,2007.59
2022-01-07,10.1319,2033.29
2022-01-10,10.1941,2045.19
2022-01-11,10.1253,2045.99
2022-01-12,10.3094,2064.19
2022-01-13,10.3148,2070.69
2022-01-14,10.3477,2072.89
2022-01-17,10.466,2085.79
2022-01-18,9.99609,1979.79
2022-01-19,10.263,2042.09
2022-01-20,10.0769,2014.19
2022-01-21,10.0662,2011.19
2022-01-24,9.58824,1910.29
2022-01-25,9.68128,1945.09
2022-01-26,9.76978,1951.19
2022-01-27,9.98412,1997.69
2022-01-28,9.90356,1983.19
2022-01-31,10.0597,2003.19
2022-02-01,10.2482,2015.39
2022-02-02,10.1258,2002.19
2022-02-03,9.88333,1957.89
2022-02-04,9.86564,1943.79
2022-02-07,9.98867,1997.59
2022-02-08,10.0687,2007.09
2022-02-09,10.2185,2042.89
2022-02-10,10.2409,2038.69
2022-02-11,10.2092,2051.09
2022-02-14,10.0338,2001.89
2022-02-15,10.1435,2038.19
2022-02-16,10.2402,2041.39
2022-02-17,9.99514,2009.99
2022-02-18,10.0291,2032.39
2022-02-21,10.0704,2038.09
2022-02-22,10.0331,2017.49
2022-02-23,9.96784,2015.99
2022-02-24,9.0896,1851.39
2022-02-25,9.56295,1952.39
2022-02-28,9.50088,1946.19
2022-03-01,9.41556,1969.89
2022-03-02,9.43299,1986.09
2022-03-03,9.49421,2023.29
2022-03-04,9.41525,1990.79
2022-03-07,9.42868,1997.29
2022-03-08,9.52957,2011.39
2022-03-09,9.66635,2042.69
2022-03-10,9.63231,2041.99
2022-03-11,9.72403,2053.89
2022-03-14,9.88561,2088.49
2022-03-15,9.86334,2079.39
2022-03-16,9.88903,2088.79
2022-03-17,9.97264,2133.59
2022-03-18,9.97021,2144.29
2022-03-21,10.098,2174.99
2022-03-22,10.2148,2188.79
2022-03-23,10.2502,2183.09
2022-03-24,10.2755,2176.19
2022-03-25,10.3526,2175.49
2022-03-28,10.5158,2172.49
2022-03-29,10.5347,2206.49
2022-03-30,10.5522,2230.19
2022-03-31,10.5601,2233.29
2022-04-01,10.6147,2251.69
2022-04-04,10.8317,2311.39
2022-04-05,10.8207,2326.29
2022-04-06,11.0447,2316.39
2022-04-07,11.0866,2345.19
2022-04-08,11.157,2393.39
2022-04-11,11.3652,2449.09
2022-04-12,11.5428,2463.79
2022-04-13,11.4067,2460.39
2022-04-14,11.5524,2475.39
2022-04-15,11.5816,2494.39
2022-04-18,11.6085,2510.29
2022-04-19,11.6668,2519.19
2022-04-20,11.7724,2525.89
2022-04-21,11.8434,2556.79
2022-04-22,11.5912,2472.49
2022-04-25,11.6169,2482.59
2022-04-26,11.3499,2418.29
2022-04-27,11.3517,2451.39
2022-04-28,11.4885,2428.39
2022-04-29,11.7033,2430.59
2022-05-05,11.9943,2466.29
2022-05-06,11.961,2458.69
2022-05-09,11.6783,2465.69
2022-05-10,11.7496,2490.19
2022-05-11,11.419,2453.89
2022-05-12,11.1428,2390.99
2022-05-13,11.3573,2419.19
2022-05-16,11.4651,2390.79
2022-05-17,11.5034,2394.79
2022-05-18,11.5378,2393.59
2022-05-20,11.427,2372.39
2022-05-23,11.2665,2380.89
2022-05-24,11.4893,2374.99
2022-05-25,11.584,2418.09
2022-05-26,11.8162,2450.79
2022-05-27,11.7875,2438.79
2022-05-30,11.9248,2527.19
2022-05-31,11.9338,2547.09
2022-06-01,11.9892,2568.79
2022-06-02,12.1949,2601.59
2022-06-03,12.1968,2601.29
2022-06-06,12.3566,2648.09
2022-06-07,12.5179,2648.19
2022-06-08,12.0495,2540.39
2022-06-09,12.1685,2571.59
2022-06-10,12.1675,2543.09
2022-06-13,12.1468,2510.09
2022-06-14,12.08,2508.89
2022-06-15,12.2437,2531.09
2022-06-16,12.0831,2485.39
2022-06-17,12.1926,2533.29
2022-06-20,12.3218,2539.19
2022-06-21,12.4524,2575.89
2022-06-22,12.5202,2574.29
2022-06-23,12.7391,2543.19
2022-06-24,12.9867,2554.09
2022-06-27,12.901,2529.29
2022-06-28,13.1115,2490.19
2022-06-29,12.9104,2401.99
2022-06-30,12.8179,2405.39
2022-07-01,12.868,2443.79
2022-07-04,12.8833,2405.99
2022-07-05,12.5658,2371.29
2022-07-06,12.8347,2408.19
2022-07-07,13.0038,2425.59
2022-07-08,13.1459,2433.99
2022-07-13,13.4807,2408.09
2022-07-14,13.4572,2382.39
2022-07-18,13.5431,2451.29
2022-07-19,13.8739,2501.99
2022-07-20,14.0081,2525.19
2022-07-21,13.9817,2511.39
2022-07-22,14.1096,2516.59
2022-07-25,14.1876,2548.49
2022-07-26,14.264,2537.09
2022-07-27,14.3539,2544.09
2022-07-28,14.3323,2543.29
2022-07-29,14.5096,2592.39
2022-08-01,14.7724,2656.29
2022-08-02,14.6981,2647.59
2022-08-03,14.9701,2684.49
2022-08-04,15.0447,2723.69
2022-08-05,15.2342,2750.49
2022-08-08,15.4518,2795.09
2022-08-09,15.377,2785.19
2022-08-10,15.294,2829.59
2022-08-11,15.453,2868.38
2022-08-12,15.4575,2864.28
2022-08-15,15.7853,2857.18
2022-08-16,15.7453,2913.28
2022-08-17,15.7322,2979.98
2022-08-18,15.8079,3019.98
2022-08-19,15.8516,3020.18
2022-08-22,16.094,3062.48
2022-08-23,16.0746,3121.48
2022-08-24,15.901,3060.28
2022-08-25,16.2932,3136.78
2022-08-26,16.2575,3146.08
2022-08-29,16.7287,3164.98
2022-08-31,17.2013,3171.18
2022-09-01,18.6493,3142.68
2022-09-02,18.8462,3222.68
2022-09-05,19.3646,3358.38
2022-09-06,19.7202,3391.38
2022-09-07,20.0675,3402.78
2022-09-08,20.0115,3437.38
2022-09-09,20.0764,3521.38
2022-09-12,20.2339,3649.18
2022-09-13,19.6748,3426.88
2022-09-14,20.3505,3446.98
2022-09-15,20.5759,3363.08
2022-09-16,20.961,3377.28
2022-09-19,20.4033,3199.48
2022-09-20,20.5092,3277.48
2022-09-21,20.6399,3245.78
2022-09-22,21.1074,3295.28
2022-09-23,21.2704,3281.58
2022-09-26,21.2551,3260.18
2022-09-27,20.9778,3265.58
2022-09-28,20.5453,3198.18
2022-09-29,20.2957,3146.88
2022-09-30,20.6328,3179.98
2022-10-03,21.0278,3392.08
2022-10-04,21.4234,3457.98
2022-10-05,21.5981,3484.38
2022-10-06,21.5207,3553.88
2022-10-07,21.5817,3567.58
2022-10-10,21.982,3581.98
2022-10-11,22.0779,3571.58
2022-10-12,21.9872,3517.78
2022-10-13,22.2676,3553.38
2022-10-14,22.6541,3626.98
2022-10-17,23.2364,3847.58
2022-10-18,23.3015,3841.58
2022-10-19,24.0382,3880.28
2022-10-20,24.5725,3900.88
2022-10-21,25.135,3934.58
2022-10-24,25.6015,3977.48
2022-10-25,25.3813,3974.98
2022-10-26,25.299,3976.38
2022-10-27,25.3535,3934.48
2022-10-28,25.1593,3878.98
2022-10-31,26.0312,3978.98
2022-11-01,26.2649,4054.68
2022-11-02,26.7046,4071.88
2022-11-03,26.9134,4105.48
2022-11-04,27.0722,4216.98
2022-11-07,27.3571,4331.68
2022-11-08,27.1303,4360.28
2022-11-09,27.4251,4360.98
2022-11-10,28.1449,4467.08
2022-11-11,28.4049,4455.48
2022-11-14,29.565,4570.18
2022-11-15,30.3044,4656.98
2022-11-16,30.211,4668.48
2022-11-17,29.352,4507.18
2022-11-18,30.065,4526.68
2022-11-21,31.2515,4570.28
2022-11-22,31.8735,4780.67
2022-11-23,31.8815,4854.17
2022-11-24,32.4418,4858.17
2022-11-25,33.0786,4874.27
2022-11-28,33.8683,4923.17
2022-11-29,34.4419,4962.47
2022-11-30,35.2086,4977.57
2022-12-01,35.7799,5046.17
2022-12-02,35.567,4962.97
2022-12-05,35.2133,4957.77
2022-12-06,35.1203,5000.07
2022-12-07,34.4762,4826.97
2022-12-08,34.6853,4855.87
2022-12-09,35.5936,5005.27
2022-12-12,36.7134,5193.27
2022-12-13,36.6323,5256.17
2022-12-14,35.1265,5066.47
2022-12-15,35.8065,5188.77
2022-12-16,35.5006,5214.27
2022-12-19,36.1722,5391.87
2022-12-20,36.5851,5418.97
2022-12-21,36.8668,5429.07
2022-12-22,37.1222,5447.17
2022-12-23,37.0244,5454.77
2022-12-26,38.0065,5504.07
2022-12-27,37.177,5434.47
2022-12-28,36.4313,5345.57
2022-12-29,37.1125,5476.87
2022-12-30,37.6163,5509.17
2023-01-02,38.1353,5661.07
2023-01-03,37.6332,5626.57
2023-01-04,37.391,5523.47
2023-01-05,35.5349,5116.37
2023-01-06,35.7735,5341.97
2023-01-09,34.6896,5170.97
2023-01-10,33.7187,4987.97
2023-01-11,31.8869,4728.88
2023-01-12,32.9963,4970.67
2023-01-13,33.5094,4984.87
2023-01-16,34.9192,5207.67
2023-01-17,35.6503,5314.97
2023-01-18,35.8201,5384.17
2023-01-19,35.6817,5422.37
2023-01-20,35.8973,5490.27
2023-01-23,35.07,5404.37
2023-01-24,34.1828,5366.47
2023-01-25,33.777,5297.77
2023-01-26,33.5913,5230.97
2023-01-27,33.3255,5191.77
2023-01-30,33.25,5096.27
2023-01-31,32.4939,4976.57
2023-02-01,30.3162,4713.38
2023-02-02,30.22,4752.17
2023-02-03,31.6471,4997.57
2023-02-06,30.5918,4930.17
2023-02-07,28.0251,4505.28
2023-02-08,26.126,4505.28
2023-02-15,30.5787,4950.47
2023-02-16,29.4557,5008.57
2023-02-17,29.2247,5026.77
2023-02-20,30.5608,5148.87
2023-02-21,31.51,5149.37
2023-02-22,31.4354,5071.37
2023-02-23,31.8305,5086.17
2023-02-24,32.0228,5058.77
2023-02-27,32.2109,5197.37
2023-02-28,32.5368,5237.27
2023-03-01,32.6395,5322.67
2023-03-02,32.3852,5261.37
2023-03-03,31.8979,5212.37
2023-03-06,32.4766,5392.27
2023-03-07,32.7671,5381.87
2023-03-08,32.9707,5438.37
2023-03-09,33.4582,5446.17
2023-03-10,33.5486,5384.57
2023-03-13,33.6647,5323.17
2023-03-14,33.1331,5207.27
2023-03-15,32.2067,5121.57
2023-03-16,32.4722,5229.57
2023-03-17,32.1806,5136.37
2023-03-20,31.1594,4975.47
2023-03-21,30.7896,4906.57
2023-03-22,31.1848,5001.07
2023-03-23,31.5557,5061.97
2023-03-24,31.5708,5031.97
2023-03-27,31.4869,4997.77
2023-03-28,30.3403,4811.47
2023-03-29,30.4292,4943.17
2023-03-30,30.7995,4896.07
2023-03-31,30.6116,4812.87
2023-04-03,30.5486,4839.47
2023-04-04,31.1098,4984.07
2023-04-05,31.1409,4919.87
2023-04-06,31.1124,4912.77
2023-04-07,31.1278,4924.57
2023-04-10,31.7106,5092.27
2023-04-11,32.2349,5124.27
2023-04-12,32.4603,5146.07
2023-04-13,32.1297,5135.57
2023-04-14,31.8589,5092.87
2023-04-17,31.1598,5059.37
2023-04-18,30.837,5018.67
2023-04-19,31.2441,5061.17
2023-04-20,31.1508,5012.27
2023-04-24,31.4792,5022.77
2023-04-25,30.929,4890.97
2023-04-26,29.8569,4783.47
2023-04-27,29.7361,4789.57
2023-04-28,29.5492,4617.88
2023-05-02,28.5761,4506.18
2023-05-03,27.9264,4485.98
2023-05-04,28.3714,4484.38
2023-05-05,28.5224,4400.78
2023-05-08,29.0726,4561.88
2023-05-09,28.7677,4536.18
2023-05-10,28.2717,4494.48
2023-05-11,29.3658,4847.97
2023-05-12,28.8822,4795.57
2023-05-15,28.1783,4501.18
2023-05-16,28.5748,4589.68
2023-05-17,29.0902,4661.68
2023-05-18,28.8831,4501.68
2023-05-22,28.7425,4466.18
2023-05-23,28.6214,4470.98
2023-05-24,28.5024,4424.88
2023-05-25,28.5727,4427.98
2023-05-26,29.3971,4580.68
2023-05-29,30.5045,4768.57
2023-05-30,31.449,4951.37
2023-05-31,31.4333,4886.87
2023-06-01,32.4644,4959.77
2023-06-02,33.3352,5114.97
2023-06-05,34.0095,5372.67
2023-06-06,33.985,5388.77
2023-06-07,34.6595,5561.17
2023-06-08,35.1799,5553.97
2023-06-09,35.5627,5626.47
2023-06-12,36.3347,5588.97
2023-06-13,35.9677,5429.07
2023-06-14,35.5734,5360.77
2023-06-15,36.3442,5495.47
2023-06-16,37.0506,5475.47
2023-06-19,36.0598,5269.27
2023-06-20,35.8906,5251.57
2023-06-21,35.6455,5186.77
2023-06-22,36.9883,5428.27
2023-06-23,38.086,5582.77
2023-06-26,39.2785,5732.87
2023-06-27,39.6735,5759.07
2023-07-03,40.786,6015.27
2023-07-04,41.0052,6003.87
2023-07-05,42.468,6106.77
2023-07-06,43.2453,6141.07
2023-07-07,43.7982,6187.07
2023-07-10,45.0255,6270.37
2023-07-11,46.0995,6362.87
2023-07-12,46.4453,6342.07
2023-07-13,46.5179,6368.37
2023-07-14,47.282,6437.67
2023-07-17,48.2665,6600.46
2023-07-18,47.6007,6364.97
2023-07-19,47.6056,6571.27
2023-07-20,47.7613,6682.06
2023-07-21,49.4515,6687.76
2023-07-24,49.6611,6695.06
2023-07-25,48.8124,6604.96
2023-07-26,49.6289,6743.86
2023-07-27,50.9848,6856.06
2023-07-28,52.7808,7067.26
2023-07-31,53.7816,7216.96
2023-08-01,52.1904,7168.46
2023-08-02,52.147,7258.46
2023-08-03,52.6236,7221.46
2023-08-04,54.1176,7400.56
2023-08-07,55.7674,7470.06
2023-08-08,55.1646,7412.16
2023-08-09,56.1766,7600.66
2023-08-10,54.94,7441.46
2023-08-11,56.4505,7714.36
2023-08-14,57.843,7737.36
2023-08-15,58.4413,7690.76
2023-08-16,58.33,7662.26
2023-08-17,60.6841,7764.46
2023-08-18,59.5779,7513.26
2023-08-21,61.9694,7796.66
2023-08-22,61.62,7771.26
2023-08-23,61.5496,7602.16
2023-08-24,60.1956,7491.86
2023-08-25,60.5813,7716.66
2023-08-28,61.8047,7941.66
2023-08-29,62.1185,7907.06
2023-08-31,63.6681,7917.86
2023-09-01,65.2828,8056.06
2023-09-04,67.2265,8141.26
2023-09-05,67.5,8236.06
2023-09-06,67.0071,8181.66
2023-09-07,68.6319,8337.66
2023-09-08,67.989,8325.26
2023-09-11,66.8802,8146.46
2023-09-12,67.1859,8159.86
2023-09-13,66.4864,8013.86
2023-09-14,66.6044,8118.76
2023-09-15,66.533,7961.96
2023-09-18,63.3649,7680.36
2023-09-19,64.7046,7783.96
2023-09-20,64.8395,7719.76
2023-09-21,67.2772,8000.46
2023-09-22,69.0277,8039.16
2023-09-25,70.7428,8304.76
2023-09-26,71.32,8242.26
2023-09-27,72.2249,8213.76
2023-09-28,72.351,8218.66
2023-09-29,72.747,8334.86
2023-10-02,73.5007,8486.96
2023-10-03,74.4023,8513.46
2023-10-04,73.3614,8333.06
2023-10-05,74.5087,8487.96
2023-10-06,74.8807,8464.86
2023-10-09,71.5978,8193.36
2023-10-10,74.3082,8442.75
2023-10-11,73.2274,8330.56
2023-10-12,71.0455,8259.26
2023-10-13,69.0936,8113.26
2023-10-16,67.7096,7934.56
2023-10-17,69.4315,8114.96
2023-10-18,67.2285,7842.66
2023-10-19,67.8382,7768.96
2023-10-20,65.283,7510.66
2023-10-23,67.7544,7750.36
2023-10-24,69.5428,7990.36
2023-10-25,64.2135,7424.96
2023-10-26,66.71,7662.06
2023-10-27,67.095,7706.36
2023-10-30,67.1756,7712.86
2023-10-31,65.2865,7514.06
2023-11-01,65.1666,7528.56
2023-11-02,66.8362,7663.56
2023-11-03,67.1747,7705.96
2023-11-06,68.2894,7867.96
2023-11-07,68.9375,7844.76
2023-11-08,70.2663,7860.86
2023-11-09,70.3145,7841.46
2023-11-10,70.6538,7771.26
2023-11-13,69.2783,7568.26
2023-11-14,69.3555,7671.06
2023-11-15,69.5166,7665.86
2023-11-16,70.1291,7780.66
2023-11-17,70.733,7853.36
2023-11-20,72.3405,7946.36
2023-11-21,73.2462,8046.56
2023-11-22,72.5972,7986.96
2023-11-23,72.779,7898.56
2023-11-24,73.3944,7959.96
2023-11-27,73.4192,8107.16
2023-11-28,73.3942,8093.46
2023-11-29,72.4313,8009.26
2023-11-30,72.5582,7948.56
2023-12-01,73.4568,8026.26
2023-12-04,73.3704,8087.16
2023-12-05,73.4984,8057.36
2023-12-06,70.4661,7855.06
2023-12-07,70.643,7978.76
2023-12-08,70.9251,7913.76
2023-12-11,68.2544,7728.36
2023-12-12,67.5512,7748.86
2023-12-13,66.2054,7529.26
2023-12-14,67.5558,7813.36
2023-12-15,67.8372,7993.86
2023-12-18,65.4633,7790.36
2023-12-19,65.8752,7725.86
2023-12-20,65.2147,7662.86
2023-12-21,65.9531,7764.96
2023-12-22,65.431,7557.56
2023-12-25,62.2105,7557.56
2023-12-26,62.8745,7299.26
2023-12-27,62.813,7260.36
2023-12-28,64.3618,7396.26
2023-12-29,66.9909,7470.16
2024-01-02,68.324,7624.26
2024-01-03,67.1057,7411.96
2024-01-04,68.099,7547.76
2024-01-05,69.025,7628.66
2024-01-08,70.6328,7818.86
2024-01-09,69.5522,7736.26
2024-01-10,70.1654,7874.16
2024-01-11,70.0929,7895.96
2024-01-12,71.6584,7986.46
2024-01-15,72.3991,8043.96
2024-01-16,72.0256,8032.16
2024-01-17,71.7914,8024.36
2024-01-18,72.6592,8016.06
2024-01-19,72.8093,7996.66
2024-01-22,73.3041,8010.06
2024-01-23,72.2412,7950.06
2024-01-24,73.0389,8090.86
2024-01-25,73.8572,8169.86
2024-01-26,74.2385,8346.26
2024-01-29,75.64,8471.66
2024-01-30,76.4625,8474.25
2024-01-31,76.9397,8496.66
2024-02-01,77.7455,8646.05
2024-02-02,77.7767,8665.65
2024-02-05,78.1469,8776.65
2024-02-06,78.2137,8869.05
2024-02-07,78.2305,8842.95
2024-02-08,80.0657,8949.75
2024-02-09,81.1584,9045.95
2024-02-12,82.5491,9174.55
2024-02-13,81.4634,8993.95
2024-02-14,82.8683,9072.05
2024-02-15,84.0595,9242.15
2024-02-16,83.698,9250.35
2024-02-19,82.8492,9196.35
2024-02-20,83.8452,9344.95
2024-02-21,83.5445,9312.05
2024-02-22,85.0962,9347.15
2024-02-23,85.9897,9374.15
2024-02-26,87.1081,9334.05
2024-02-27,86.1935,9179.45
2024-02-28,85.7288,9062.35
2024-02-29,87.4066,9193.65
2024-03-01,89.107,9097.15
2024-03-04,89.1566,8907.65
2024-03-05,89.4293,8860.45
2024-03-06,87.6423,8744.55
2024-03-07,89.548,9054.15
2024-03-08,89.677,9155.25
2024-03-11,89.487,9131.75
2024-03-12,89.0011,9068.95
2024-03-13,88.8445,8910.15
2024-03-14,87.6451,8883.45
2024-03-15,87.471,8828.65
2024-03-18,86.4853,8718.05
2024-03-19,87.9206,8929.85
2024-03-20,88.0426,8955.05
2024-03-21,88.7959,9140.65
2024-03-22,88.1614,9111.45
2024-03-25,86.0659,9029.35
2024-03-26,84.6367,8807.35
2024-03-27,84.6499,8806.65
2024-03-28,86.7604,9079.95
2024-03-29,86.5862,9142.35
2024-04-01,85.8349,9157.45
2024-04-02,84.86,9040.85
2024-04-03,83.5216,8945.75
2024-04-04,84.7646,9128.95
2024-04-05,88.973,9618.75
2024-04-08,90.5063,9756.65
2024-04-09,90.5063,9814.15
2024-04-15,89.7854,9679.75
2024-04-16,88.1376,9548.05
2024-04-17,88.2242,9530.45
2024-04-18,88.2499,9524.55
2024-04-19,89.0236,9693.45
2024-04-22,88.9617,9644.95
2024-04-24,89.5789,9722.05
2024-04-25,90.5427,9716.75
2024-04-26,91.1946,9915.55
2024-04-29,92.386,10082.7
2024-04-30,92.692,10045.6
2024-05-02,94.619,10208.6
2024-05-03,95.5559,10276.8
2024-05-06,94.8177,10267
2024-05-07,93.3672,10336.4
2024-05-08,92.9559,10247.7
2024-05-09,93.2131,10268.5
2024-05-10,93.5262,10218.5
2024-05-13,90.7874,10055.9
2024-05-14,91.806,10173.3
2024-05-15,92.0849,10158.5
2024-05-16,93.1102,10319.9
2024-05-17,94.8611,10643.5
2024-05-20,95.6079,10739.5
2024-05-21,95.9892,10895.2
2024-05-22,95.8708,10899.2
2024-05-23,95.4371,10792.4
2024-05-24,93.8615,10676.6
2024-05-27,91.5977,10656.9
2024-05-28,90.8769,10677.4
2024-05-29,89.5182,10479.1
2024-05-30,89.077,10481.2
2024-05-31,89.5145,10400.4
2024-06-03,89.9352,10556.7
2024-06-04,90.3506,10364.5
2024-06-05,89.6392,10350.9
2024-06-06,89.8289,10279.6
2024-06-07,87.4196,10138.9
2024-06-10,84.9761,9997.85
2024-06-11,84.9147,10051.3
2024-06-12,85.1338,10165.4
2024-06-13,87.5063,10391.8
2024-06-14,89.0654,10471.2
2024-06-20,91.6206,10739.8
2024-06-21,92.2686,10771.3
2024-06-24,90.2148,10767.8
2024-06-25,90.1369,10679.9
2024-06-26,88.7366,10486.6
2024-06-27,90.1537,10680.8
2024-06-28,91.9226,10647.8
2024-07-01,90.7806,10343.2
2024-07-02,92.0473,10446.1
2024-07-03,92.7162,10682.1
2024-07-04,94.0346,10872.5
2024-07-05,94.6224,10851.7
2024-07-08,94.2559,10864
2024-07-09,94.8559,10796.5
2024-07-10,94.9318,10743.2
2024-07-11,96.5803,11024.2
2024-07-12,97.9427,11064.8
2024-07-16,100.105,11139.2
2024-07-17,100.628,11134
2024-07-18,99.9328,11139.4
2024-07-19,100.651,11156.1
2024-07-22,101.16,11172.7
2024-07-23,100.545,11089.4
2024-07-24,100.497,10991.5
2024-07-25,99.8796,10871.4
2024-07-26,100.054,10891.3
2024-07-29,97.9948,10733.7
2024-07-30,96.908,10691.6
2024-07-31,95.6405,10638.5
2024-08-01,97.3837,10798
2024-08-02,95.7316,10473.4
2024-08-05,89.8513,9893.35
2024-08-06,89.6196,9881.15
2024-08-07,90.9087,10024.2
2024-08-08,92.6821,10098.4
2024-08-09,90.767,9907.35
2024-08-12,89.1065,9828.55
2024-08-13,88.4388,9920.55
2024-08-14,87.5552,9830.85
2024-08-15,88.3256,9982.95
2024-08-16,87.4427,9821.95
2024-08-19,88.86,10054.1
2024-08-20,89.2317,9982.25
2024-08-21,89.1964,9904.75
2024-08-22,88.5822,9921.35
2024-08-23,87.0711,9668.05
2024-08-26,85.5867,9565.75
2024-08-27,85.9741,9748.75
2024-08-28,86.9386,9757.15
2024-08-29,86.7107,9833.15
2024-09-02,88.7463,10110.1
2024-09-03,88.3035,10021.7
2024-09-04,87.5287,9984.85
2024-09-05,87.276,9936.75
2024-09-06,85.9161,9771.15
2024-09-09,85.4219,9699.55
2024-09-10,84.8442,9623.95
2024-09-11,81.6048,9419.65
2024-09-12,83.2712,9520.95
2024-09-13,84.8327,9685.45
2024-09-16,83.3006,9577.45
2024-09-17,84.2,9758.05
2024-09-18,83.7571,9774.45
2024-09-19,84.2443,9975.55
2024-09-20,84.984,9900.25
2024-09-23,84.4894,9887.75
2024-09-24,84.1045,10029.6
2024-09-25,83.6094,9890.95
2024-09-26,85.2221,9829.15
2024-09-27,85.3571,9777.45
2024-09-30,85.3144,9665.75
2024-10-01,81.2239,9351.15
2024-10-02,78.94,9012.85
2024-10-03,79.4209,8898.15
2024-10-04,80.5979,9109.25
2024-10-07,81.4648,9031.55
2024-10-08,81.4382,9044.85
2024-10-09,82.0453,9132.25
2024-10-10,81.784,8964.05
2024-10-11,79.8709,8876.15
2024-10-14,77.646,8699.15
2024-10-15,79.4453,8860.25
2024-10-16,80.1179,8955.95
2024-10-17,81.8267,9002.25
2024-10-18,80.2238,8793.55
2024-10-21,79.8148,8654.35
2024-10-22,80.3543,8838.55
2024-10-23,78.6891,8714.65
2024-10-24,79.6078,8872.85
2024-10-25,80.2296,8908.45
2024-10-28,80.6639,8945.75
2024-10-30,81.4623,9006.55
2024-10-31,81.932,8863.85
2024-11-01,82.395,8884.95
2024-11-04,81.1766,8663.85
2024-11-05,81.7674,8618.55
2024-11-06,83.9689,8862.25
2024-11-07,84.6347,8946.05
2024-11-08,85.2814,9184.75
2024-11-11,86.971,9276.75
2024-11-12,85.9089,9226.85
2024-11-13,85.9078,9300.25
2024-11-14,87.6746,9420.35
2024-11-15,87.0666,9389.55
2024-11-18,86.7459,9395.35
2024-11-19,87.029,9232.85
2024-11-20,86.2774,9031.75
2024-11-21,88.2944,9367.75
2024-11-22,89.2777,9549.85
2024-11-25,89.926,9659.95
2024-11-26,89.3496,9636.05
2024-11-27,89.285,9639.75
2024-11-28,88.6184,9640.05
2024-11-29,89.1633,9651.95
2024-12-02,89.5379,9681.05
2024-12-03,90.6372,9827.15
2024-12-04,91.1275,9886.05
2024-12-05,92.1266,9935.95
2024-12-06,93.9919,10080.9
2024-12-09,95.0889,10257.3
2024-12-10,93.9867,10098.9
2024-12-11,93.8981,10058.4
2024-12-12,94.4671,10058.5
2024-12-13,95.5287,10125.4
2024-12-16,94.9592,9997.65
2024-12-17,95.0373,10011.2
2024-12-18,94.0922,9915.75
2024-12-19,92.6748,9765.05
2024-12-20,91.5639,9724.45
2024-12-23,90.8589,9626.55
2024-12-24,91.0523,9672.75
2024-12-25,92.0113,9672.75
2024-12-26,91.8065,9948.95
2024-12-27,93.0874,10025.4
2024-12-30,92.4843,9889.65
2024-12-31,91.6514,9830.55
2025-01-02,93.0712,9961.25
2025-01-03,93.3631,10075.1
2025-01-06,95.1998,10085.4
2025-01-07,94.3029,9971.95
2025-01-08,93.4969,9890.75
2025-01-09,94.57,10000.6
2025-01-10,94.0863,9910.55
2025-01-13,92.1002,9733.15
2025-01-14,92.022,9715.85
2025-01-15,91.4065,9739.65
2025-01-16,93.3718,9866.65
2025-01-17,93.0824,9977.85
2025-01-20,93.4793,10029.2
2025-01-21,93.1365,9999.55
2025-01-22,93.959,10105.3
2025-01-23,94.5559,10112.7
2025-01-24,96.3576,10104.8
2025-01-27,95.017,9997.85
2025-01-28,93.9568,10121.7
2025-01-29,92.9605,10076.9
2025-01-30,93.438,10082
2025-01-31,92.9819,10004.3
2025-02-03,90.9312,9774.35
2025-02-04,90.6766,9807.05
2025-02-05,89.4748,9719.75
2025-02-06,90.573,9842.15
2025-02-07,91.8554,9951.65
2025-02-10,90.8223,9845.85
2025-02-11,90.2635,9882.75
2025-02-12,90.2141,9779.55
2025-02-13,90.7594,9914.65
2025-02-14,91.1289,9877.55
2025-02-17,91.1313,9836.45
2025-02-18,91.6792,9916.85
2025-02-19,90.5611,9763.65
2025-02-20,91.6483,9807.45
2025-02-21,89.5423,9602.15
2025-02-24,90.6185,9574.75
2025-02-25,89.1237,9451.55
2025-02-26,88.8426,9573.15
2025-02-27,89.7072,9741.05
2025-02-28,90.7822,9658.65
2025-03-03,91.0888,9911.05
2025-03-04,89.4091,9897.95
2025-03-05,90.7511,10188.8
2025-03-06,92.3689,10459
2025-03-07,92.7289,10507
2025-03-10,92.2858,10422.1
2025-03-11,92.4654,10438.2
2025-03-12,91.9676,10580.2
2025-03-13,93.2889,10727.5
2025-03-14,93.9179,10840.5
2025-03-17,95.0419,10862
2025-03-18,94.4877,10802.1
2025-03-19,87.2288,9860.25
2025-03-20,87.6919,9810.85
2025-03-21,82.8265,9044.55
2025-03-24,83.912,9299.35
2025-03-25,85.8666,9715.55
2025-03-26,85.7638,9649.45
2025-03-27,86.8916,9612.75
2025-03-28,88.9376,9659.45
2025-04-02,89.0377,9523.25
2025-04-03,89.4382,9484.25
2025-04-04,88.2106,9379.75
2025-04-07,87.5489,9407.15
2025-04-08,88.9248,9477.05
2025-04-09,87.1039,9275.45
2025-04-10,88.4699,9338.55
2025-04-11,87.8829,9380.95
2025-04-14,88.4028,9423.55
2025-04-15,88.9011,9393.75
2025-04-16,87.009,9266.05
2025-04-17,88.0615,9395.95
2025-04-18,87.2249,9317.15
2025-04-21,87.3986,9321.55
2025-04-22,86.2737,9312.05
2025-04-24,87.6151,9490.85
2025-04-25,88.5734,9432.55
2025-04-28,87.8906,9306.95
2025-04-29,88.0331,9224.75
2025-04-30,87.7656,9078.35
2025-05-02,91.4258,9167.55
2025-05-05,91.3093,9112.15
2025-05-06,92.2415,9134.65
2025-05-07,90.2204,9074.55
2025-05-08,91.2634,9279.15
2025-05-09,91.7441,9390.45
2025-05-12,92.7775,9747.05
2025-05-13,94.5005,9700.15
2025-05-14,94.6799,9701.55
2025-05-15,94.9047,9541.25
2025-05-16,95.9562,9668.35
2025-05-20,96.5451,9513.95
2025-05-21,96.5468,9398.85
2025-05-22,96.5313,9475.15
2025-05-23,95.691,9355.95
2025-05-26,94.8114,9345.15
2025-05-27,94.1117,9213.55
2025-05-28,94.2231,9177.65
2025-05-29,94.8061,9170.55
2025-05-30,93.3772,9019.55
2025-06-02,92.2801,9008.85
2025-06-03,95.0456,9276.95
2025-06-04,96.1872,9474.95
2025-06-05,96.7578,9486.55
2025-06-10,98.6893,9659.25
2025-06-11,99.2175,9686.05
2025-06-12,97.4804,9520.15
2025-06-13,94.8798,9311.85
2025-06-16,96.0161,9349.95
2025-06-17,95.0193,9339.55
2025-06-18,92.3262,9196.05
2025-06-19,91.7891,9101.95
2025-06-20,91.9183,9203.35
2025-06-23,91.9928,9141.25
2025-06-24,95.532,9448.85
2025-06-25,96.4375,9418.45
2025-06-26,95.3093,9301.05
2025-06-27,95.87,9404.85
2025-06-30,98.7918,9948.45
2025-07-01,99.8199,10080.3
2025-07-02,99.2619,10188.9
2025-07-03,100.547,10228.3
2025-07-04,100.497,10275.7
2025-07-07,99.1399,10107.6
2025-07-08,98.3026,9998.15
2025-07-09,99.0092,10167.2
2025-07-10,99.8108,10331.2
2025-07-11,99.7301,10358.4
2025-07-14,100.204,10225.4
2025-07-16,100.687,10121.4
2025-07-17,103.524,10370.6
2025-07-18,104.105,10366.1
2025-07-21,107.067,10616.1
2025-07-22,106.225,10616
2025-07-23,106.184,10591.9
2025-07-24,105.913,10689
2025-07-25,104.562,10642.5
2025-07-28,107.197,10542
2025-07-29,106.595,10487.2
2025-07-30,107.548,10618.9
2025-07-31,108.23,10743.1
2025-08-01,108.625,10746.9
2025-08-04,110.369,10853.4
2025-08-05,110.793,10849.9
2025-08-06,111.315,10900.9
2025-08-07,112.129,10956
2025-08-08,111.985,10972.5
2025-08-11,112.092,11038.2
2025-08-12,111.13,10954.4
2025-08-13,111.177,10949.9
2025-08-14,110.199,10824.5
2025-08-15,111.187,10870.5
2025-08-18,111.509,10929.7
2025-08-19,111.279,10961.9
2025-08-20,112.263,11134.6
2025-08-21,113.182,11313.8
2025-08-22,114.224,11372.3
2025-08-25,117.292,11477.8
2025-08-26,116.608,11529.8
2025-08-27,114.321,11359
2025-08-28,116.118,11368.8
2025-08-29,115.068,11288.1
2025-09-01,117.338,11280
2025-09-02,115.164,10877.5
2025-09-03,115.242,10737.7
2025-09-04,117.763,10828.9
2025-09-05,118.681,10729.5
2025-09-08,114.246,10449.4
2025-09-09,113.599,10486.1
2025-09-10,113.074,10586.3
2025-09-11,111.512,10382.9
2025-09-12,111.317,10372
2025-09-15,117.068,11000.3
2025-09-16,119.766,11183
2025-09-17,120.714,11165.9
2025-09-18,119.651,11048.1
2025-09-19,121.516,11294.5
2025-09-22,123.915,11468.1
2025-09-23,123.565,11331.8
2025-09-24,123.538,11366.9
2025-09-25,124.196,11377.6
2025-09-26,124.546,11151.2
2025-09-29,121.42,11048.1
2025-09-30,121.924,11012.1
2025-10-01,122.299,11220.2
2025-10-02,119.971,11082.6
2025-10-03,119.302,10858.5
2025-10-06,117.99,10734.9
2025-10-07,119.034,10814.1
2025-10-08,117.639,10756.3
2025-10-09,117.446,10727
2025-10-10,117.935,10720.4
2025-10-13,117.51,10556.2
2025-10-14,114.87,10316.4
2025-10-15,117.381,10464.5
2025-10-16,115.886,10370.8
2025-10-17,114.225,10208.8
2025-10-20,116.974,10484.4
2025-10-21,118.805,10467.2
2025-10-22,119.749,10551.3
2025-10-23,120.847,10608.3
2025-10-24,124.557,10941.8
2025-10-27,125.927,10853.4
2025-10-28,127.014,10871.1
2025-10-30,129.287,10837.3
2025-10-31,131.104,10971.5
2025-11-03,133.195,11060.4
2025-11-04,132.825,10914.1
2025-11-05,133.829,10970.4
2025-11-06,133.319,11073.3
2025-11-07,131.509,10924.5
2025-11-10,130.479,10789
2025-11-11,128.162,10576.5
2025-11-12,128.586,10640.9
2025-11-13,129.093,10628.6
2025-11-14,127.692,10565.7
2025-11-17,129.925,10698.1
2025-11-18,128.7,10728.6
2025-11-19,130.079,10903.9
2025-11-20,130.665,10979.7
2025-11-21,131.782,10922.9
2025-11-24,133.803,10888
2025-11-25,131.894,10857.2
2025-11-26,130.496,10914.7
2025-11-27,129.533,10945.5
2025-11-28,130.228,10898.7
2025-12-01,130.84,11116.5
2025-12-02,130.411,11123.5
2025-12-03,130.266,11036.8
2025-12-04,130.252,10918.5
2025-12-05,129.33,11007.4
2025-12-08,130.325,11189.5
2025-12-09,132.586,11238.4
2025-12-10,134.431,11193.9
2025-12-11,133.233,11233.7
2025-12-12,132.853,11311.3
2025-12-15,133.492,11456.3
2025-12-16,132.413,11348.8
2025-12-17,133.692,11286.8
2025-12-18,134.197,11335.1
2025-12-19,133.763,11341.9
2025-12-22,132.987,11311.1
2025-12-23,134.673,11290.4
2025-12-24,134.54,11340.1
2025-12-25,134.434,11340.1
2025-12-26,133.81,11294.4
2025-12-29,131.171,11150.9
2025-12-30,131.968,11220.2
2025-12-31,134.505,11261.5
2026-01-02,136.252,11498.4
2026-01-05,137.641,11702
2026-01-06,139.862,12023.8
2026-01-07,139.36,12028.8
2026-01-08,140.206,12088
2026-01-09,141.68,12201
2026-01-12,143.844,12254.8
2026-01-13,146.042,12385.6
2026-01-14,144.474,12369.9
2026-01-15,145.807,12456.7
2026-01-16,146.776,12668.5
2026-01-19,147.362,12747.9
2026-01-20,147.927,12805.8
2026-01-21,147.491,12728.2
2026-01-22,150.024,12851.5
2026-01-23,150.068,12992.7
2026-01-26,152.556,13177.3
2026-01-27,153.177,13107
2026-01-28,154.202,13407.4
2026-01-29,155.83,13831.1
2026-01-30,153.996,13838.3
2026-02-02,152.908,13621
2026-02-03,154.128,13875.3
2026-02-04,155.011,13891.2
2026-02-05,153.078,13589.1
2026-02-06,151.933,13522
2026-02-09,155.51,13838.4
2026-02-10,156.541,13797
2026-02-11,155.99,13787.8
2026-02-12,157.357,14180.5
2026-02-13,158.149,14180.7
2026-02-16,159.624,14339.3
2026-02-17,160.191,14227.3
2026-02-18,159.781,14259.9
2026-02-19,152.934,13804.2
2026-02-20,153.215,13934.1
2026-02-23,155.28,14061.7
2026-02-24,152.755,14050.8
2026-02-25,150.901,13809.9
2026-02-26,151.168,13878.5
2026-02-27,149.675,13717.8
2026-03-02,145.286,13346.4
2026-03-03,143.412,12933.4
2026-03-04,143.382,12943.2
2026-03-05,146.442,13078.9
2026-03-06,146.648,12792.8
2026-03-09,146.497,12702
2026-03-10,151.059,13175.7
2026-03-11,150.849,13200.4
2026-03-12,151.658,13286.1
2026-03-13,149.87,13092.9
2026-03-16,150.054,12956.7
2026-03-17,151.038,13217.6
2026-03-18,151.44,13115.1
2026-03-19,151.392,13047.7
2026-03-23,152.614,13168.2
2026-03-24,152.486,12930.2
2026-03-25,153.181,12963.9
2026-03-26,153.022,12727.1
2026-03-27,152.016,12698.2
2026-03-30,153.642,12626.4
2026-03-31,155.93,12791
2026-04-01,157.703,12937.9
2026-04-02,158.174,13051.7
2026-04-03,156.193,12936.4
2026-04-06,157.859,13112.3
2026-04-07,153.165,12921.6
2026-04-08,157.616,13536.8
2026-04-09,156.625,13689
2026-04-10,157.497,14073.8
2026-04-13,155.679,14058.5
2026-04-14,158.246,14202.2
2026-04-15,158.21,14252.4
2026-04-16,158.089,14201.1
2026-04-17,161.23,14587.9
2026-04-20,160.335,14484.9
2026-04-21,159.027,14375.4
2026-04-22,157.738,14335.5
2026-04-23,157.738,14335.5
2026-04-24,157.716,14409.1
2026-04-27,160.232,14594
2026-04-28,158.091,14329.3
2026-04-29,159.763,14311.2
2026-04-30,163.93,14442.6
2026-05-01,163.93,14442.6
2026-05-04,166.031,14369.6
2026-05-05,168.199,14495.8
2026-05-06,169.274,14917.4
2026-05-07,172.138,15040.3
2026-05-08,170.728,15062.7
2026-05-11,176.838,15133.5
2026-05-12,176.994,14779.9
2026-05-13,176.492,14598.5
2026-05-14,178.911,14644.7
2026-05-15,174.193,14367.6
2026-05-18,169.131,14029.5
2026-05-19,169.131,14029.5
2026-05-20,169.542,14012
2026-05-21,159.257,13163.9
2026-05-22,165.32,13808.2
2026-05-25,167.527,13890.9
2026-05-26,167.56,13662.8
2026-05-27,167.56,13662.8
2026-05-28,167.561,13662.8
2026-05-29,167.561,13662.8
2026-06-01,169.375,13704
2026-06-02,172.298,14200.2
2026-06-03,168.502,13965.7
2026-06-04,167.768,13872.3
2026-06-05,168.597,13694.2
2026-06-08,168.113,13860.6
2026-06-09,167.446,13741.9
2026-06-10,166.056,13744.6
2026-06-11,163.133,13743.5
2026-06-12,166.249,13938.5
2026-06-15,170.78,14446.4
2026-06-16,171.464,14493.1
2026-06-17,169.446,14421.2
2026-06-18,172.226,14827.4
2026-06-19,172.633,14734.5
2026-06-22,172.71,14729.7
2026-06-23,171.988,14539.6
2026-06-24,172.002,14331.2
2026-06-25,169.923,14259.8
2026-06-26,169.916,14274
2026-06-29,167.849,14183.2
2026-06-30,166.2,14121.8
2026-07-01,164.958,14350.6
2026-07-02,165.193,14455
2026-07-03,167.231,14417.9
2026-07-06,165.556,14424.5
2026-07-07,166.304,14497.4
2026-07-08,162.672,14190
2026-07-09,162.33,14105.4
2026-07-10,166.175,14321.2
2026-07-13,163.724,14092
2026-07-14,164.935,14080
2026-07-15,164.935,14080
2026-07-16,165.146,14251.3
2026-07-17,163.502,13981.1
2026-07-20,163.126,14071
2026-07-21,161.973,13974.1
2026-07-22,161.992,14138.9
2026-07-23,162.234,14077.7
2026-07-24,159.85,13943.9
2026-07-27,158.168,13774.8
2026-07-28,156.839,13687.9
2026-07-29,153.327,13501.6
2026-07-30,153.843,13292.9
2026-07-31,154.161,13458.1
2026-08-03,153.696,13410.5
2026-08-04,155.418,13687.9
2026-08-05,154.774,13703.1
2026-08-06,154.59,13798.8
2026-08-07,155.067,13779.4
2026-08-10,155.131,13811.6
2026-08-11,153.967,13704.5
2026-08-12,153.807,14110.1
2026-08-13,154.993,14132.2
2026-08-14,158.343,14172.3
2026-08-17,159.431,14132.1
2026-08-18,159.099,14128
2026-08-19,160.279,14459
2026-08-20,159.647,14396.5
2026-08-21,161.467,14514.8
2026-08-24,162.857,14501.5
2026-08-25,160.635,14473.4
2026-08-26,161.792,14610.9
2026-08-27,162.107,14575.5
2026-08-28,162.704,14641.6
2026-08-31,160.207,14334.1
2026-09-01,159.945,14229
2026-09-02,158.485,14050.6
2026-09-03,155.353,13932.5
2026-09-04,156.985,14012.4
2026-09-07,160.674,14151.6
2026-09-08,161.917,14405.3
2026-09-09,162.546,14505.5
2026-09-10,160.815,14393.9
2026-09-11,161.08,14467.3
2026-09-14,158.716,14235.8
2026-09-15,155.144,13892.3
2026-09-16,149.51,13122.6
2026-09-17,149.785,13509.8
2026-09-18,145.751,13284.4
2026-09-21,144.522,13337.7
2026-09-22,145.677,13198.8
2026-09-23,147.217,13251.9
2026-09-24,144.052,12888.3
2026-09-25,143.747,12899.4
2026-09-28,140.567,12592.8
2026-09-29,140.368,12290.6
