tarih,rate
2011-01-01,6.25
2011-02-01,6.25
2011-03-01,6.25
2011-04-01,6.25
2011-05-01,6.25
2011-06-01,6.25
2011-07-01,6.25
2011-08-01,5.75
2011-09-01,5.75
2011-10-01,5.75
2011-11-01,8.07
2011-12-01,9.04
2012-01-01,7.56
2012-02-01,7.77
2012-03-01,9.75
2012-04-01,8.34
2012-05-01,9.81
2012-06-01,9.02
2012-07-01,7.63
2012-08-01,6.33
2012-09-01,5.84
2012-10-01,5.78
2012-11-01,5.61
2012-12-01,5.55
2013-01-01,5.6
2013-02-01,5.53
2013-03-01,5.96
2013-04-01,5.17
2013-05-01,4.52
2013-06-01,5.11
2013-07-01,6.44
2013-08-01,6.62
2013-09-01,6.45
2013-10-01,6.27
2013-11-01,6.76
2013-12-01,7.1
2014-01-01,9.96
2014-02-01,10.23
2014-03-01,10.27
2014-04-01,10.03
2014-05-01,9.53
2014-06-01,8.82
2014-07-01,8.25
2014-08-01,8.28
2014-09-01,8.72
2014-10-01,8.26
2014-11-01,8.31
2014-12-01,8.51
2015-01-01,7.82
2015-02-01,7.71
2015-03-01,8.0
2015-04-01,8.28
2015-05-01,8.28
2015-06-01,8.59
2015-07-01,8.67
2015-08-01,8.69
2015-09-01,8.96
2015-10-01,8.73
2015-11-01,8.75
2015-12-01,8.81
2016-01-01,8.98
2016-02-01,9.09
2016-03-01,8.9
2016-04-01,8.58
2016-05-01,8.46
2016-06-01,8.21
2016-07-01,8.06
2016-08-01,7.92
2016-09-01,7.78
2016-10-01,7.81
2016-11-01,8.2
2016-12-01,8.31
2017-01-01,10.34
2017-02-01,10.4
2017-03-01,11.35
2017-04-01,11.8
2017-05-01,11.97
2017-06-01,11.98
2017-07-01,11.98
2017-08-01,12.01
2017-09-01,11.99
2017-10-01,11.96
2017-11-01,12.25
2017-12-01,12.75
2018-01-01,12.75
2018-02-01,12.75
2018-03-01,12.75
2018-04-01,13.5
2018-05-01,16.5
2018-06-01,17.77
2018-07-01,17.75
2018-08-01,19.25
2018-09-01,24.01
2018-10-01,24.0
2018-11-01,24.0
2018-12-01,24.06
2019-01-01,24.0
2019-02-01,24.0
2019-03-01,25.5
2019-04-01,24.0
2019-05-01,24.13
2019-06-01,23.86
2019-07-01,19.66
2019-08-01,19.61
2019-09-01,16.31
2019-10-01,13.84
2019-11-01,13.71
2019-12-01,11.43
2020-01-01,10.97
2020-02-01,10.54
2020-03-01,9.27
2020-04-01,8.35
2020-05-01,7.9
2020-06-01,7.62
2020-07-01,7.76
2020-08-01,10.15
2020-09-01,11.12
2020-10-01,13.4
2020-11-01,14.99
2020-12-01,17.03
2021-01-01,17.0
2021-02-01,17.0
2021-03-01,19.0
2021-04-01,19.0
2021-05-01,19.0
2021-06-01,19.0
2021-07-01,19.0
2021-08-01,19.0
2021-09-01,18.0
2021-10-01,16.0
2021-11-01,15.0
2021-12-01,14.0
2022-01-01,14.0
2022-02-01,14.0
2022-03-01,14.0
2022-04-01,14.0
2022-05-01,14.0
2022-06-01,14.05
2022-07-01,14.0
2022-08-01,13.0
2022-09-01,12.04
2022-10-01,10.5
2022-11-01,9.27
2022-12-01,9.04
2023-01-01,9.0
2023-02-01,8.76
2023-03-01,8.56
2023-04-01,8.7
2023-05-01,9.09
2023-06-01,12.84
2023-07-01,17.5
2023-08-01,23.5
2023-09-01,31.0
2023-10-01,33.0
2023-11-01,41.09
2023-12-01,42.5
2024-01-01,44.0
2024-02-01,45.0
2024-03-01,51.22
2024-04-01,52.24
2024-05-01,50.0
2024-06-01,51.37
2024-07-01,50.0
2024-08-01,52.79
2024-09-01,50.0
2024-10-01,50.0
2024-11-01,50.0
2024-12-01,48.13
2025-01-01,45.0
2025-02-01,45.0
2025-03-01,46.0
2025-04-01,48.78
2025-05-01,48.98
2025-06-01,46.0
2025-07-01,43.0
2025-08-01,43.0
2025-09-01,40.5
2025-10-01,39.5
2025-11-01,39.5
2025-12-01,38.0
2026-01-01,37.0
2026-02-01,37.0
2026-03-01,40.0
2026-04-01,40.0
2026-05-01,40.0
2026-06-01,40.0
2026-07-01,40.0
2026-08-01,37.0
2026-09-01,37.0
2026-10-01,37.0
